date,category,sales,transactions,avg_basket_size,day_of_week,month
2025-04-22,Electronics,40149.93,35,811.53,1,4
2025-04-22,Clothing,25147.43,21,1122.56,1,4
2025-04-22,Groceries,22626.34,24,865.12,1,4
2025-04-22,Footwear,19589.15,22,1885.73,1,4
2025-04-22,HomeDecor,12451.45,11,765.18,1,4
2025-04-23,Electronics,37354.43,36,660.39,2,4
2025-04-23,Clothing,29526.99,34,1015.41,2,4
2025-04-23,Groceries,22880.8,21,1743.84,2,4
2025-04-23,Footwear,16201.89,14,977.79,2,4
2025-04-23,HomeDecor,13441.76,11,1932.52,2,4
2025-04-24,Electronics,36477.43,35,1018.84,3,4
2025-04-24,Clothing,24312.39,22,1128.56,3,4
2025-04-24,Groceries,21764.17,27,2041.73,3,4
2025-04-24,Footwear,13747.42,15,1926.46,3,4
2025-04-24,HomeDecor,10550.73,10,1127.96,3,4
2025-04-25,Electronics,36099.25,39,2418.7,4,4
2025-04-25,Clothing,22917.28,23,794.2,4,4
2025-04-25,Groceries,21917.78,22,783.76,4,4
2025-04-25,Footwear,15456.36,15,1747.08,4,4
2025-04-25,HomeDecor,10949.31,13,1986.49,4,4
2025-04-26,Electronics,59205.74,55,837.17,5,4
2025-04-26,Clothing,33647.77,33,749.72,5,4
2025-04-26,Groceries,28881.22,30,2175.87,5,4
2025-04-26,Footwear,19680.2,17,2282.36,5,4
2025-04-26,HomeDecor,16275.48,16,1696.97,5,4
2025-04-27,Electronics,52210.28,45,732.15,6,4
2025-04-27,Clothing,30462.7,26,1033.01,6,4
2025-04-27,Groceries,29765.28,31,2471.92,6,4
2025-04-27,Footwear,21571.53,23,2246.32,6,4
2025-04-27,HomeDecor,16710.42,16,1128.15,6,4
2025-04-28,Electronics,35948.47,31,2184.81,0,4
2025-04-28,Clothing,30223.31,34,1303.34,0,4
2025-04-28,Groceries,21221.32,23,1873.33,0,4
2025-04-28,Footwear,15201.89,13,2379.64,0,4
2025-04-28,HomeDecor,13798.74,12,735.66,0,4
2025-04-29,Electronics,33580.27,29,925.16,1,4
2025-04-29,Clothing,26032.6,22,1065.14,1,4
2025-04-29,Groceries,17085.7,16,1320.97,1,4
2025-04-29,Footwear,14742.08,13,1907.51,1,4
2025-04-29,HomeDecor,13001.0,14,1900.77,1,4
2025-04-30,Electronics,41074.63,34,2074.4,2,4
2025-04-30,Clothing,25936.99,28,2161.42,2,4
2025-04-30,Groceries,21004.25,21,1362.21,2,4
2025-04-30,Footwear,16488.12,19,1000.87,2,4
2025-04-30,HomeDecor,10864.88,9,2265.1,2,4
2025-05-01,Electronics,35496.6,36,1003.99,3,5
2025-05-01,Clothing,24325.37,23,1351.7,3,5
2025-05-01,Groceries,23496.38,20,1471.82,3,5
2025-05-01,Footwear,17584.15,18,865.3,3,5
2025-05-01,HomeDecor,10502.12,8,1666.6,3,5
2025-05-02,Electronics,39489.62,42,2019.33,4,5
2025-05-02,Clothing,24518.04,24,2305.86,4,5
2025-05-02,Groceries,19811.54,19,1287.79,4,5
2025-05-02,Footwear,18039.85,20,1568.1,4,5
2025-05-02,HomeDecor,14064.52,16,2035.99,4,5
2025-05-03,Electronics,56446.4,65,890.4,5,5
2025-05-03,Clothing,31535.99,35,2104.95,5,5
2025-05-03,Groceries,27800.45,27,1733.18,5,5
2025-05-03,Footwear,23710.25,23,1325.08,5,5
2025-05-03,HomeDecor,18891.66,18,1605.32,5,5
2025-05-04,Electronics,49163.16,45,2235.48,6,5
2025-05-04,Clothing,33785.87,41,1892.54,6,5
2025-05-04,Groceries,25513.7,29,1895.25,6,5
2025-05-04,Footwear,20204.71,18,2026.67,6,5
2025-05-04,HomeDecor,18611.06,15,1817.83,6,5
2025-05-05,Electronics,43437.62,50,1157.65,0,5
2025-05-05,Clothing,25316.37,28,1462.08,0,5
2025-05-05,Groceries,23382.51,20,2264.12,0,5
2025-05-05,Footwear,17614.78,18,2446.59,0,5
2025-05-05,HomeDecor,11927.47,10,939.44,0,5
2025-05-06,Electronics,39632.34,46,2253.99,1,5
2025-05-06,Clothing,29421.99,30,2199.17,1,5
2025-05-06,Groceries,21173.87,19,1757.04,1,5
2025-05-06,Footwear,19659.89,22,1310.44,1,5
2025-05-06,HomeDecor,9409.82,10,1624.82,1,5
2025-05-07,Electronics,41393.78,34,2352.62,2,5
2025-05-07,Clothing,25721.97,32,1737.99,2,5
2025-05-07,Groceries,20614.61,19,637.01,2,5
2025-05-07,Footwear,17155.99,17,2269.57,2,5
2025-05-07,HomeDecor,10215.85,10,1054.96,2,5
2025-05-08,Electronics,37409.76,40,2268.22,3,5
2025-05-08,Clothing,26410.64,31,762.74,3,5
2025-05-08,Groceries,24390.52,23,2150.44,3,5
2025-05-08,Footwear,16118.94,13,1612.14,3,5
2025-05-08,HomeDecor,11719.17,13,843.94,3,5
2025-05-09,Electronics,36330.78,34,2399.01,4,5
2025-05-09,Clothing,27834.28,31,1103.61,4,5
2025-05-09,Groceries,21948.6,19,1403.96,4,5
2025-05-09,Footwear,16099.41,17,2364.94,4,5
2025-05-09,HomeDecor,13404.42,11,1986.87,4,5
2025-05-10,Electronics,52138.78,57,1954.6,5,5
2025-05-10,Clothing,37759.56,37,2490.78,5,5
2025-05-10,Groceries,26673.49,23,1309.5,5,5
2025-05-10,Footwear,22198.02,20,1457.82,5,5
2025-05-10,HomeDecor,16537.58,17,1026.92,5,5
2025-05-11,Electronics,44080.27,45,639.97,6,5
2025-05-11,Clothing,35444.39,32,1037.22,6,5
2025-05-11,Groceries,29436.4,32,613.66,6,5
2025-05-11,Footwear,22961.74,19,1799.1,6,5
2025-05-11,HomeDecor,16808.72,18,728.06,6,5
2025-05-12,Electronics,32836.21,40,2233.31,0,5
2025-05-12,Clothing,24427.35,29,1576.9,0,5
2025-05-12,Groceries,20521.73,21,1871.06,0,5
2025-05-12,Footwear,15636.13,17,1624.54,0,5
2025-05-12,HomeDecor,12544.36,10,2377.48,0,5
2025-05-13,Electronics,39795.49,36,1694.8,1,5
2025-05-13,Clothing,30309.77,32,2090.78,1,5
2025-05-13,Groceries,21620.98,21,961.78,1,5
2025-05-13,Footwear,17437.84,20,1852.07,1,5
2025-05-13,HomeDecor,12655.08,12,1404.8,1,5
2025-05-14,Electronics,30910.7,29,2241.29,2,5
2025-05-14,Clothing,25432.39,30,1879.39,2,5
2025-05-14,Groceries,21377.99,18,786.99,2,5
2025-05-14,Footwear,21187.51,21,1983.61,2,5
2025-05-14,HomeDecor,12504.74,14,1072.45,2,5
2025-05-15,Electronics,39403.42,43,1618.94,3,5
2025-05-15,Clothing,25411.48,29,1401.58,3,5
2025-05-15,Groceries,18766.56,19,1478.99,3,5
2025-05-15,Footwear,18942.8,22,1441.95,3,5
2025-05-15,HomeDecor,13708.71,12,786.03,3,5
2025-05-16,Electronics,41275.7,36,2498.64,4,5
2025-05-16,Clothing,23181.06,28,2441.09,4,5
2025-05-16,Groceries,24230.94,20,2212.52,4,5
2025-05-16,Footwear,14616.85,16,1372.19,4,5
2025-05-16,HomeDecor,13498.24,12,1006.12,4,5
2025-05-17,Electronics,62948.47,62,2314.64,5,5
2025-05-17,Clothing,31015.08,35,1320.05,5,5
2025-05-17,Groceries,27062.93,27,1103.89,5,5
2025-05-17,Footwear,23178.7,22,1141.97,5,5
2025-05-17,HomeDecor,16345.89,14,2418.9,5,5
2025-05-18,Electronics,43630.26,40,1857.56,6,5
2025-05-18,Clothing,34661.03,33,894.11,6,5
2025-05-18,Groceries,25640.02,26,1013.63,6,5
2025-05-18,Footwear,24036.89,28,1700.44,6,5
2025-05-18,HomeDecor,15629.94,14,715.82,6,5
2025-05-19,Electronics,44178.5,46,708.61,0,5
2025-05-19,Clothing,23502.7,21,1505.9,0,5
2025-05-19,Groceries,20565.62,19,899.12,0,5
2025-05-19,Footwear,18382.98,17,752.21,0,5
2025-05-19,HomeDecor,11180.65,12,730.19,0,5
2025-05-20,Electronics,39120.03,46,1882.9,1,5
2025-05-20,Clothing,28833.21,31,1367.17,1,5
2025-05-20,Groceries,17834.1,16,1067.81,1,5
2025-05-20,Footwear,17313.88,15,675.51,1,5
2025-05-20,HomeDecor,13081.35,15,1396.53,1,5
2025-05-21,Electronics,41240.47,37,1673.93,2,5
2025-05-21,Clothing,22345.78,23,2375.94,2,5
2025-05-21,Groceries,18444.03,20,1872.48,2,5
2025-05-21,Footwear,17887.3,18,1053.5,2,5
2025-05-21,HomeDecor,13128.66,13,848.67,2,5
2025-05-22,Electronics,39208.14,34,1169.99,3,5
2025-05-22,Clothing,26383.44,27,2365.13,3,5
2025-05-22,Groceries,19804.95,23,617.7,3,5
2025-05-22,Footwear,17394.83,15,2497.06,3,5
2025-05-22,HomeDecor,13123.67,15,739.2,3,5
2025-05-23,Electronics,35517.61,39,1561.18,4,5
2025-05-23,Clothing,30257.73,34,2373.19,4,5
2025-05-23,Groceries,22256.89,26,2270.61,4,5
2025-05-23,Footwear,14974.78,15,1141.48,4,5
2025-05-23,HomeDecor,13587.11,13,2184.12,4,5
2025-05-24,Electronics,46604.49,40,1174.78,5,5
2025-05-24,Clothing,37134.54,32,1604.99,5,5
2025-05-24,Groceries,32011.22,28,2152.5,5,5
2025-05-24,Footwear,21066.53,22,2370.34,5,5
2025-05-24,HomeDecor,18870.71,22,2383.97,5,5
2025-05-25,Electronics,53769.0,61,1102.49,6,5
2025-05-25,Clothing,37254.94,43,2010.59,6,5
2025-05-25,Groceries,34128.92,38,1117.46,6,5
2025-05-25,Footwear,22386.83,20,1000.2,6,5
2025-05-25,HomeDecor,15915.13,16,986.83,6,5
2025-05-26,Electronics,34847.61,31,2220.53,0,5
2025-05-26,Clothing,23419.68,22,1528.21,0,5
2025-05-26,Groceries,21086.16,25,775.37,0,5
2025-05-26,Footwear,17579.96,17,2175.76,0,5
2025-05-26,HomeDecor,13102.78,15,606.74,0,5
2025-05-27,Electronics,41413.98,34,848.56,1,5
2025-05-27,Clothing,25533.15,27,907.01,1,5
2025-05-27,Groceries,24338.76,23,1648.19,1,5
2025-05-27,Footwear,16550.08,16,1665.72,1,5
2025-05-27,HomeDecor,16218.22,18,742.96,1,5
2025-05-28,Electronics,40643.18,35,2317.46,2,5
2025-05-28,Clothing,23314.25,21,668.45,2,5
2025-05-28,Groceries,18974.35,19,1706.77,2,5
2025-05-28,Footwear,17820.2,20,1416.59,2,5
2025-05-28,HomeDecor,12465.08,15,1185.69,2,5
2025-05-29,Electronics,40981.05,49,2307.96,3,5
2025-05-29,Clothing,26706.76,29,1895.93,3,5
2025-05-29,Groceries,21095.24,18,795.31,3,5
2025-05-29,Footwear,15560.45,12,1663.78,3,5
2025-05-29,HomeDecor,10818.57,10,2450.29,3,5
2025-05-30,Electronics,36542.08,30,893.65,4,5
2025-05-30,Clothing,27683.82,30,2242.75,4,5
2025-05-30,Groceries,21704.95,24,2274.69,4,5
2025-05-30,Footwear,14882.24,18,940.79,4,5
2025-05-30,HomeDecor,12970.81,13,2086.53,4,5
2025-05-31,Electronics,53627.18,53,2124.25,5,5
2025-05-31,Clothing,31382.32,26,2140.42,5,5
2025-05-31,Groceries,29128.5,31,902.48,5,5
2025-05-31,Footwear,23083.59,19,805.38,5,5
2025-05-31,HomeDecor,15245.16,18,2231.33,5,5
2025-06-01,Electronics,53485.02,58,979.19,6,6
2025-06-01,Clothing,36355.5,35,1264.35,6,6
2025-06-01,Groceries,31794.5,34,1023.55,6,6
2025-06-01,Footwear,25368.48,22,966.95,6,6
2025-06-01,HomeDecor,14841.19,15,1129.35,6,6
2025-06-02,Electronics,34662.82,41,2437.09,0,6
2025-06-02,Clothing,26813.34,28,1267.18,0,6
2025-06-02,Groceries,22341.8,21,1359.39,0,6
2025-06-02,Footwear,17875.58,16,1229.18,0,6
2025-06-02,HomeDecor,17662.23,21,819.15,0,6
2025-06-03,Electronics,40433.66,43,939.28,1,6
2025-06-03,Clothing,28395.69,30,672.69,1,6
2025-06-03,Groceries,23277.25,21,1425.67,1,6
2025-06-03,Footwear,18107.37,15,2094.21,1,6
2025-06-03,HomeDecor,12348.03,12,1751.8,1,6
2025-06-04,Electronics,41153.06,38,819.73,2,6
2025-06-04,Clothing,23529.3,21,961.15,2,6
2025-06-04,Groceries,20746.76,25,1946.69,2,6
2025-06-04,Footwear,16174.88,20,1587.85,2,6
2025-06-04,HomeDecor,12854.39,11,1905.03,2,6
2025-06-05,Electronics,47103.57,39,2000.37,3,6
2025-06-05,Clothing,20738.47,23,1292.02,3,6
2025-06-05,Groceries,22708.3,27,2402.86,3,6
2025-06-05,Footwear,14258.38,14,1784.0,3,6
2025-06-05,HomeDecor,12148.29,10,2211.23,3,6
2025-06-06,Electronics,42415.24,36,2310.09,4,6
2025-06-06,Clothing,25663.91,24,1187.64,4,6
2025-06-06,Groceries,18959.79,18,1219.75,4,6
2025-06-06,Footwear,15783.98,13,1161.74,4,6
2025-06-06,HomeDecor,13616.49,15,964.5,4,6
2025-06-07,Electronics,47866.07,41,2386.69,5,6
2025-06-07,Clothing,35170.16,30,2021.46,5,6
2025-06-07,Groceries,28818.23,32,1769.48,5,6
2025-06-07,Footwear,21454.58,22,1371.54,5,6
2025-06-07,HomeDecor,20902.76,26,1177.36,5,6
2025-06-08,Electronics,54910.9,60,1416.79,6,6
2025-06-08,Clothing,27453.45,25,1752.66,6,6
2025-06-08,Groceries,29222.39,30,1483.48,6,6
2025-06-08,Footwear,21431.2,20,1883.69,6,6
2025-06-08,HomeDecor,18679.75,17,1499.05,6,6
2025-06-09,Electronics,35218.61,29,922.41,0,6
2025-06-09,Clothing,25207.42,29,1139.19,0,6
2025-06-09,Groceries,22323.1,19,1802.59,0,6
2025-06-09,Footwear,18471.78,19,777.44,0,6
2025-06-09,HomeDecor,11219.62,9,1046.25,0,6
2025-06-10,Electronics,36970.53,38,1026.82,1,6
2025-06-10,Clothing,24288.89,26,879.97,1,6
2025-06-10,Groceries,19861.68,24,1065.2,1,6
2025-06-10,Footwear,20001.27,19,1761.42,1,6
2025-06-10,HomeDecor,13266.35,11,738.37,1,6
2025-06-11,Electronics,33427.12,33,2283.66,2,6
2025-06-11,Clothing,27840.55,25,969.43,2,6
2025-06-11,Groceries,25759.58,22,1329.56,2,6
2025-06-11,Footwear,18755.19,18,1063.57,2,6
2025-06-11,HomeDecor,10812.8,9,1906.48,2,6
2025-06-12,Electronics,36397.8,30,2234.84,3,6
2025-06-12,Clothing,28730.62,33,2079.0,3,6
2025-06-12,Groceries,19746.2,21,934.18,3,6
2025-06-12,Footwear,17754.49,15,1584.12,3,6
2025-06-12,HomeDecor,13737.66,16,1659.07,3,6
2025-06-13,Electronics,34704.49,40,1467.28,4,6
2025-06-13,Clothing,25348.21,24,1868.4,4,6
2025-06-13,Groceries,14362.31,13,1731.36,4,6
2025-06-13,Footwear,15258.54,12,2293.71,4,6
2025-06-13,HomeDecor,12427.98,11,2148.51,4,6
2025-06-14,Electronics,45194.26,42,1410.81,5,6
2025-06-14,Clothing,40044.58,37,1447.24,5,6
2025-06-14,Groceries,24584.78,27,2012.95,5,6
2025-06-14,Footwear,21940.1,21,1455.13,5,6
2025-06-14,HomeDecor,17437.54,14,1069.76,5,6
2025-06-15,Electronics,59079.87,52,1126.89,6,6
2025-06-15,Clothing,29482.04,24,1590.47,6,6
2025-06-15,Groceries,32024.33,28,1054.57,6,6
2025-06-15,Footwear,22973.48,22,747.22,6,6
2025-06-15,HomeDecor,15523.08,16,1045.54,6,6
2025-06-16,Electronics,40017.55,41,1207.45,0,6
2025-06-16,Clothing,26007.6,24,753.1,0,6
2025-06-16,Groceries,19974.54,22,1039.4,0,6
2025-06-16,Footwear,17118.66,14,890.33,0,6
2025-06-16,HomeDecor,12258.73,13,722.03,0,6
2025-06-17,Electronics,38684.2,38,1228.67,1,6
2025-06-17,Clothing,27188.43,26,1389.97,1,6
2025-06-17,Groceries,24620.29,27,2182.49,1,6
2025-06-17,Footwear,14895.71,14,2319.19,1,6
2025-06-17,HomeDecor,15469.62,14,2397.52,1,6
2025-06-18,Electronics,30783.26,38,2227.79,2,6
2025-06-18,Clothing,25112.95,21,1693.81,2,6
2025-06-18,Groceries,22500.17,21,611.2,2,6
2025-06-18,Footwear,17477.69,17,1167.36,2,6
2025-06-18,HomeDecor,11956.06,11,2221.55,2,6
2025-06-19,Electronics,37453.93,36,1622.62,3,6
2025-06-19,Clothing,24242.85,20,1637.65,3,6
2025-06-19,Groceries,19997.6,18,2305.84,3,6
2025-06-19,Footwear,18444.32,17,1016.9,3,6
2025-06-19,HomeDecor,13205.19,12,1522.72,3,6
2025-06-20,Electronics,35599.62,35,1238.65,4,6
2025-06-20,Clothing,27793.98,24,2116.47,4,6
2025-06-20,Groceries,21903.01,18,913.58,4,6
2025-06-20,Footwear,18381.87,17,2347.13,4,6
2025-06-20,HomeDecor,13552.78,12,1614.83,4,6
2025-06-21,Electronics,47356.78,47,1724.6,5,6
2025-06-21,Clothing,32496.58,28,651.49,5,6
2025-06-21,Groceries,30831.3,27,1414.36,5,6
2025-06-21,Footwear,24350.8,23,945.29,5,6
2025-06-21,HomeDecor,17176.52,18,1320.3,5,6
2025-06-22,Electronics,52243.35,57,1463.93,6,6
2025-06-22,Clothing,38823.36,39,2046.34,6,6
2025-06-22,Groceries,26990.43,27,1128.69,6,6
2025-06-22,Footwear,24205.59,23,1079.32,6,6
2025-06-22,HomeDecor,16864.48,20,1493.58,6,6
2025-06-23,Electronics,37417.37,31,1624.9,0,6
2025-06-23,Clothing,28301.88,28,1026.02,0,6
2025-06-23,Groceries,23004.01,27,2084.34,0,6
2025-06-23,Footwear,18382.97,16,676.49,0,6
2025-06-23,HomeDecor,14414.49,17,2404.26,0,6
2025-06-24,Electronics,38330.34,42,2194.53,1,6
2025-06-24,Clothing,27238.98,24,889.53,1,6
2025-06-24,Groceries,20590.68,23,1499.77,1,6
2025-06-24,Footwear,17551.08,20,1671.54,1,6
2025-06-24,HomeDecor,12584.07,13,1483.56,1,6
2025-06-25,Electronics,38621.01,41,2057.11,2,6
2025-06-25,Clothing,27017.65,30,1751.2,2,6
2025-06-25,Groceries,19511.28,16,1964.88,2,6
2025-06-25,Footwear,20557.06,17,2156.67,2,6
2025-06-25,HomeDecor,11467.33,11,805.39,2,6
2025-06-26,Electronics,33605.73,41,2364.89,3,6
2025-06-26,Clothing,28453.18,26,1886.96,3,6
2025-06-26,Groceries,22932.28,23,1353.64,3,6
2025-06-26,Footwear,18061.0,15,976.83,3,6
2025-06-26,HomeDecor,13551.14,12,1912.17,3,6
2025-06-27,Electronics,38203.16,34,1061.41,4,6
2025-06-27,Clothing,23212.0,20,2067.71,4,6
2025-06-27,Groceries,21411.08,18,1740.78,4,6
2025-06-27,Footwear,15848.83,18,2112.83,4,6
2025-06-27,HomeDecor,13993.28,12,2087.01,4,6
2025-06-28,Electronics,50878.13,52,1612.22,5,6
2025-06-28,Clothing,31583.23,27,1304.08,5,6
2025-06-28,Groceries,27765.52,26,1830.33,5,6
2025-06-28,Footwear,23897.68,29,2214.19,5,6
2025-06-28,HomeDecor,16242.19,15,800.52,5,6
2025-06-29,Electronics,47391.76,48,1807.61,6,6
2025-06-29,Clothing,35263.89,34,1943.89,6,6
2025-06-29,Groceries,29390.25,28,934.66,6,6
2025-06-29,Footwear,21786.57,20,2434.4,6,6
2025-06-29,HomeDecor,16401.73,17,1770.23,6,6
2025-06-30,Electronics,39137.59,36,2071.82,0,6
2025-06-30,Clothing,21807.38,21,1427.59,0,6
2025-06-30,Groceries,18259.14,15,1725.7,0,6
2025-06-30,Footwear,15778.64,16,2218.26,0,6
2025-06-30,HomeDecor,12477.85,14,1129.96,0,6
2025-07-01,Electronics,46399.08,45,1063.34,1,7
2025-07-01,Clothing,34426.07,33,1682.71,1,7
2025-07-01,Groceries,27144.15,23,1320.08,1,7
2025-07-01,Footwear,19680.12,24,1539.18,1,7
2025-07-01,HomeDecor,14971.48,15,945.5,1,7
2025-07-02,Electronics,40488.62,44,1274.17,2,7
2025-07-02,Clothing,29944.46,32,1246.64,2,7
2025-07-02,Groceries,24278.35,21,1932.25,2,7
2025-07-02,Footwear,20645.44,21,1656.0,2,7
2025-07-02,HomeDecor,13759.15,12,2401.32,2,7
2025-07-03,Electronics,47337.06,56,1058.58,3,7
2025-07-03,Clothing,34598.22,34,1528.3,3,7
2025-07-03,Groceries,24728.1,20,1056.62,3,7
2025-07-03,Footwear,20803.42,19,1827.22,3,7
2025-07-03,HomeDecor,16035.22,15,1451.53,3,7
2025-07-04,Electronics,43194.51,53,776.8,4,7
2025-07-04,Clothing,30672.28,33,1368.36,4,7
2025-07-04,Groceries,25031.48,27,1181.79,4,7
2025-07-04,Footwear,20195.35,18,1301.14,4,7
2025-07-04,HomeDecor,13840.49,12,1608.75,4,7
2025-07-05,Electronics,60898.9,59,2493.6,5,7
2025-07-05,Clothing,42516.89,39,1228.5,5,7
2025-07-05,Groceries,38647.61,33,1462.12,5,7
2025-07-05,Footwear,29590.03,30,1077.67,5,7
2025-07-05,HomeDecor,24610.19,28,1970.44,5,7
2025-07-06,Electronics,56088.36,58,827.15,6,7
2025-07-06,Clothing,44032.9,40,2406.67,6,7
2025-07-06,Groceries,34368.78,29,951.78,6,7
2025-07-06,Footwear,32912.47,36,2003.35,6,7
2025-07-06,HomeDecor,18613.2,19,1976.71,6,7
2025-07-07,Electronics,41221.25,34,1596.81,0,7
2025-07-07,Clothing,28201.82,29,2462.97,0,7
2025-07-07,Groceries,19690.26,21,1162.87,0,7
2025-07-07,Footwear,18948.49,19,940.94,0,7
2025-07-07,HomeDecor,13861.3,17,1945.24,0,7
2025-07-08,Electronics,45676.77,52,1121.19,1,7
2025-07-08,Clothing,31025.27,37,1651.38,1,7
2025-07-08,Groceries,29690.43,25,2393.77,1,7
2025-07-08,Footwear,21900.85,19,2250.08,1,7
2025-07-08,HomeDecor,14134.64,13,794.92,1,7
2025-07-09,Electronics,40957.13,50,1690.72,2,7
2025-07-09,Clothing,31475.76,30,1509.56,2,7
2025-07-09,Groceries,21699.42,22,950.29,2,7
2025-07-09,Footwear,23662.92,28,1079.71,2,7
2025-07-09,HomeDecor,16769.16,16,816.77,2,7
2025-07-10,Electronics,42888.71,51,1361.34,3,7
2025-07-10,Clothing,24860.6,29,1696.34,3,7
2025-07-10,Groceries,28384.68,24,701.86,3,7
2025-07-10,Footwear,19770.92,22,2141.17,3,7
2025-07-10,HomeDecor,16856.72,17,761.84,3,7
2025-07-11,Electronics,37825.08,40,825.06,4,7
2025-07-11,Clothing,28201.87,23,1390.73,4,7
2025-07-11,Groceries,25013.11,22,2102.41,4,7
2025-07-11,Footwear,20093.96,21,2073.82,4,7
2025-07-11,HomeDecor,14324.9,14,1455.98,4,7
2025-07-12,Electronics,64533.81,62,1164.97,5,7
2025-07-12,Clothing,36176.14,32,2481.06,5,7
2025-07-12,Groceries,33269.47,34,1680.4,5,7
2025-07-12,Footwear,27324.8,32,1758.3,5,7
2025-07-12,HomeDecor,21291.74,18,788.54,5,7
2025-07-13,Electronics,65073.06,54,994.8,6,7
2025-07-13,Clothing,35945.2,39,1102.83,6,7
2025-07-13,Groceries,28572.36,33,898.41,6,7
2025-07-13,Footwear,30449.73,34,1648.79,6,7
2025-07-13,HomeDecor,20922.94,23,605.08,6,7
2025-07-14,Electronics,41631.81,40,1909.81,0,7
2025-07-14,Clothing,34653.46,33,1153.39,0,7
2025-07-14,Groceries,25289.19,27,1147.4,0,7
2025-07-14,Footwear,22358.59,23,1935.68,0,7
2025-07-14,HomeDecor,15101.28,14,735.24,0,7
2025-07-15,Electronics,54273.37,59,2355.43,1,7
2025-07-15,Clothing,35266.02,31,1720.6,1,7
2025-07-15,Groceries,24377.59,27,1407.76,1,7
2025-07-15,Footwear,21943.14,20,1027.14,1,7
2025-07-15,HomeDecor,15968.06,18,2325.98,1,7
2025-07-16,Electronics,51158.84,58,735.68,2,7
2025-07-16,Clothing,27105.23,30,2105.99,2,7
2025-07-16,Groceries,26715.13,24,2023.02,2,7
2025-07-16,Footwear,22116.85,20,2350.27,2,7
2025-07-16,HomeDecor,12361.89,12,836.27,2,7
2025-07-17,Electronics,39675.34,34,1177.77,3,7
2025-07-17,Clothing,23882.3,23,2391.08,3,7
2025-07-17,Groceries,24326.48,23,1625.96,3,7
2025-07-17,Footwear,21435.08,20,752.84,3,7
2025-07-17,HomeDecor,17253.54,21,2289.9,3,7
2025-07-18,Electronics,45333.43,38,1212.41,4,7
2025-07-18,Clothing,34885.85,37,649.14,4,7
2025-07-18,Groceries,21549.75,23,2427.63,4,7
2025-07-18,Footwear,16593.24,15,1715.53,4,7
2025-07-18,HomeDecor,14916.68,18,2499.19,4,7
2025-07-19,Electronics,63083.2,55,2160.7,5,7
2025-07-19,Clothing,40367.59,36,676.44,5,7
2025-07-19,Groceries,26772.38,22,932.86,5,7
2025-07-19,Footwear,26759.38,25,1837.87,5,7
2025-07-19,HomeDecor,17608.45,18,944.83,5,7
2025-07-20,Electronics,64818.26,58,1428.18,6,7
2025-07-20,Clothing,41984.72,39,2441.2,6,7
2025-07-20,Groceries,30577.91,29,1261.13,6,7
2025-07-20,Footwear,25612.56,26,1210.01,6,7
2025-07-20,HomeDecor,18105.09,21,2229.69,6,7
2025-07-21,Electronics,44717.94,46,1382.13,0,7
2025-07-21,Clothing,32865.43,31,1147.61,0,7
2025-07-21,Groceries,22535.68,22,2145.78,0,7
2025-07-21,Footwear,21008.09,19,669.72,0,7
2025-07-21,HomeDecor,14204.61,16,1197.58,0,7
2025-07-22,Electronics,41432.07,42,820.25,1,7
2025-07-22,Clothing,29678.91,24,1367.93,1,7
2025-07-22,Groceries,22411.89,21,2167.36,1,7
2025-07-22,Footwear,18892.7,23,1849.55,1,7
2025-07-22,HomeDecor,13203.18,12,1477.76,1,7
2025-07-23,Electronics,53841.26,65,956.41,2,7
2025-07-23,Clothing,30105.79,30,1783.0,2,7
2025-07-23,Groceries,23250.69,22,1788.28,2,7
2025-07-23,Footwear,20427.96,17,698.06,2,7
2025-07-23,HomeDecor,14831.51,15,1643.52,2,7
2025-07-24,Electronics,44005.64,46,1432.42,3,7
2025-07-24,Clothing,31842.5,27,1520.95,3,7
2025-07-24,Groceries,26893.77,33,2448.98,3,7
2025-07-24,Footwear,18939.0,17,2118.7,3,7
2025-07-24,HomeDecor,14136.27,12,900.92,3,7
2025-07-25,Electronics,43762.27,40,625.98,4,7
2025-07-25,Clothing,23094.24,22,777.1,4,7
2025-07-25,Groceries,21212.02,24,1476.75,4,7
2025-07-25,Footwear,22733.75,26,1830.65,4,7
2025-07-25,HomeDecor,17467.45,19,1546.91,4,7
2025-07-26,Electronics,59237.11,50,1154.54,5,7
2025-07-26,Clothing,42835.06,36,1119.51,5,7
2025-07-26,Groceries,34800.47,33,2462.46,5,7
2025-07-26,Footwear,35312.98,38,1467.89,5,7
2025-07-26,HomeDecor,22517.14,25,1328.81,5,7
2025-07-27,Electronics,59972.9,54,1565.66,6,7
2025-07-27,Clothing,36630.06,42,2241.65,6,7
2025-07-27,Groceries,28328.24,30,2068.08,6,7
2025-07-27,Footwear,27549.35,27,1245.76,6,7
2025-07-27,HomeDecor,18718.39,17,1107.63,6,7
2025-07-28,Electronics,38599.86,48,1137.39,0,7
2025-07-28,Clothing,28060.28,29,2191.2,0,7
2025-07-28,Groceries,22296.13,20,2497.91,0,7
2025-07-28,Footwear,23374.28,22,2244.0,0,7
2025-07-28,HomeDecor,16322.46,15,1623.3,0,7
2025-07-29,Electronics,44964.12,46,1231.64,1,7
2025-07-29,Clothing,34439.83,28,1632.52,1,7
2025-07-29,Groceries,25193.42,24,2372.42,1,7
2025-07-29,Footwear,18277.43,20,2463.47,1,7
2025-07-29,HomeDecor,17284.69,18,1686.42,1,7
2025-07-30,Electronics,47425.1,51,2226.42,2,7
2025-07-30,Clothing,26888.26,26,682.93,2,7
2025-07-30,Groceries,24524.15,20,1498.65,2,7
2025-07-30,Footwear,18248.76,18,1333.55,2,7
2025-07-30,HomeDecor,12925.8,11,2105.55,2,7
2025-07-31,Electronics,49167.8,43,2463.55,3,7
2025-07-31,Clothing,35728.25,33,2433.17,3,7
2025-07-31,Groceries,21503.58,24,1554.35,3,7
2025-07-31,Footwear,21125.94,19,1230.79,3,7
2025-07-31,HomeDecor,14024.04,16,2260.96,3,7
2025-08-01,Electronics,51369.52,50,789.45,4,8
2025-08-01,Clothing,33867.38,32,629.16,4,8
2025-08-01,Groceries,27408.03,31,1378.96,4,8
2025-08-01,Footwear,24116.45,21,2442.92,4,8
2025-08-01,HomeDecor,16504.29,19,1492.03,4,8
2025-08-02,Electronics,74871.63,80,1243.27,5,8
2025-08-02,Clothing,48355.84,41,1355.22,5,8
2025-08-02,Groceries,39532.26,47,2218.35,5,8
2025-08-02,Footwear,29459.49,25,2232.75,5,8
2025-08-02,HomeDecor,22898.45,23,2412.87,5,8
2025-08-03,Electronics,78406.8,70,1965.56,6,8
2025-08-03,Clothing,51034.46,42,1527.1,6,8
2025-08-03,Groceries,36540.9,33,668.21,6,8
2025-08-03,Footwear,32721.84,39,1046.06,6,8
2025-08-03,HomeDecor,26125.87,22,2349.77,6,8
2025-08-04,Electronics,44985.21,49,2018.86,0,8
2025-08-04,Clothing,37956.1,37,2458.84,0,8
2025-08-04,Groceries,28012.13,23,1804.12,0,8
2025-08-04,Footwear,25369.44,29,1442.99,0,8
2025-08-04,HomeDecor,16626.13,14,1168.99,0,8
2025-08-05,Electronics,44253.64,54,687.38,1,8
2025-08-05,Clothing,30140.85,36,1157.4,1,8
2025-08-05,Groceries,30144.25,30,1418.3,1,8
2025-08-05,Footwear,24623.33,26,1609.22,1,8
2025-08-05,HomeDecor,16372.23,15,1895.42,1,8
2025-08-06,Electronics,57448.4,64,922.97,2,8
2025-08-06,Clothing,30018.53,35,1758.03,2,8
2025-08-06,Groceries,29801.76,29,1777.45,2,8
2025-08-06,Footwear,21093.56,22,1545.57,2,8
2025-08-06,HomeDecor,16826.7,15,871.92,2,8
2025-08-07,Electronics,54255.95,52,1812.02,3,8
2025-08-07,Clothing,32902.51,31,1085.12,3,8
2025-08-07,Groceries,28846.33,35,2307.93,3,8
2025-08-07,Footwear,26415.1,25,2312.3,3,8
2025-08-07,HomeDecor,16961.59,14,1638.54,3,8
2025-08-08,Electronics,58512.74,69,1439.29,4,8
2025-08-08,Clothing,31933.06,32,2476.54,4,8
2025-08-08,Groceries,31589.41,33,1813.98,4,8
2025-08-08,Footwear,27459.76,27,1911.6,4,8
2025-08-08,HomeDecor,13551.04,13,2206.08,4,8
2025-08-09,Electronics,67090.63,74,2498.81,5,8
2025-08-09,Clothing,51404.57,49,802.64,5,8
2025-08-09,Groceries,39677.67,39,1686.65,5,8
2025-08-09,Footwear,33602.51,30,1162.16,5,8
2025-08-09,HomeDecor,22832.32,19,1160.94,5,8
2025-08-10,Electronics,73531.24,64,1352.03,6,8
2025-08-10,Clothing,47843.41,59,1675.27,6,8
2025-08-10,Groceries,45229.52,39,2078.79,6,8
2025-08-10,Footwear,33224.32,40,2330.17,6,8
2025-08-10,HomeDecor,25120.37,21,1543.78,6,8
2025-08-11,Electronics,51775.86,54,2073.91,0,8
2025-08-11,Clothing,34244.62,37,1753.42,0,8
2025-08-11,Groceries,28702.33,29,1016.11,0,8
2025-08-11,Footwear,24946.69,27,1779.69,0,8
2025-08-11,HomeDecor,17242.23,15,2035.6,0,8
2025-08-12,Electronics,55564.78,46,1852.44,1,8
2025-08-12,Clothing,43471.44,49,1793.67,1,8
2025-08-12,Groceries,32613.37,29,1828.05,1,8
2025-08-12,Footwear,23217.54,24,2098.36,1,8
2025-08-12,HomeDecor,20162.19,24,1701.19,1,8
2025-08-13,Electronics,51796.39,44,849.68,2,8
2025-08-13,Clothing,28662.75,30,1220.77,2,8
2025-08-13,Groceries,26975.74,26,933.72,2,8
2025-08-13,Footwear,19510.1,22,2094.37,2,8
2025-08-13,HomeDecor,17367.28,17,1608.62,2,8
2025-08-14,Electronics,54099.46,57,2177.9,3,8
2025-08-14,Clothing,42035.17,45,2336.69,3,8
2025-08-14,Groceries,30980.78,29,2438.03,3,8
2025-08-14,Footwear,23474.16,24,2018.46,3,8
2025-08-14,HomeDecor,19492.93,20,2128.04,3,8
2025-08-15,Electronics,42059.87,40,2429.5,4,8
2025-08-15,Clothing,36848.21,42,2032.89,4,8
2025-08-15,Groceries,32312.6,35,2234.27,4,8
2025-08-15,Footwear,20451.39,17,1881.37,4,8
2025-08-15,HomeDecor,20058.76,19,2437.81,4,8
2025-08-16,Electronics,75367.64,69,1294.97,5,8
2025-08-16,Clothing,46581.7,46,626.45,5,8
2025-08-16,Groceries,43062.77,40,834.82,5,8
2025-08-16,Footwear,39757.04,40,1878.37,5,8
2025-08-16,HomeDecor,24741.93,21,1098.11,5,8
2025-08-17,Electronics,74709.53,75,2162.59,6,8
2025-08-17,Clothing,46367.51,46,805.86,6,8
2025-08-17,Groceries,37058.13,40,1495.81,6,8
2025-08-17,Footwear,35090.29,31,2280.05,6,8
2025-08-17,HomeDecor,22219.72,20,1223.21,6,8
2025-08-18,Electronics,54386.46,48,1020.6,0,8
2025-08-18,Clothing,34280.43,41,1807.27,0,8
2025-08-18,Groceries,31436.94,30,2327.84,0,8
2025-08-18,Footwear,24800.79,25,1833.55,0,8
2025-08-18,HomeDecor,19867.57,23,865.58,0,8
2025-08-19,Electronics,51245.91,62,1178.29,1,8
2025-08-19,Clothing,35028.45,33,820.63,1,8
2025-08-19,Groceries,27063.71,29,2285.79,1,8
2025-08-19,Footwear,22933.7,26,1338.43,1,8
2025-08-19,HomeDecor,18679.14,18,1873.92,1,8
2025-08-20,Electronics,58087.74,49,1923.32,2,8
2025-08-20,Clothing,32680.2,30,1396.34,2,8
2025-08-20,Groceries,32608.82,27,1980.54,2,8
2025-08-20,Footwear,27253.53,26,1844.35,2,8
2025-08-20,HomeDecor,18744.18,17,1769.74,2,8
2025-08-21,Electronics,64134.7,68,662.16,3,8
2025-08-21,Clothing,33214.36,33,1012.81,3,8
2025-08-21,Groceries,26266.04,25,2406.05,3,8
2025-08-21,Footwear,19731.07,20,788.77,3,8
2025-08-21,HomeDecor,20692.88,17,1297.94,3,8
2025-08-22,Electronics,57533.57,50,1281.48,4,8
2025-08-22,Clothing,35799.9,35,1124.17,4,8
2025-08-22,Groceries,30839.91,35,2403.12,4,8
2025-08-22,Footwear,21298.83,20,774.18,4,8
2025-08-22,HomeDecor,22402.35,24,1819.24,4,8
2025-08-23,Electronics,73842.02,66,2445.08,5,8
2025-08-23,Clothing,49131.66,59,2094.91,5,8
2025-08-23,Groceries,43439.35,47,2478.76,5,8
2025-08-23,Footwear,33958.47,31,989.89,5,8
2025-08-23,HomeDecor,24844.04,20,1652.99,5,8
2025-08-24,Electronics,67137.44,61,1010.31,6,8
2025-08-24,Clothing,50891.34,55,1224.26,6,8
2025-08-24,Groceries,48122.2,54,2098.42,6,8
2025-08-24,Footwear,36759.16,33,605.39,6,8
2025-08-24,HomeDecor,28171.44,32,2476.3,6,8
2025-08-25,Electronics,51239.44,47,1076.24,0,8
2025-08-25,Clothing,32437.42,36,808.86,0,8
2025-08-25,Groceries,29622.64,36,850.43,0,8
2025-08-25,Footwear,24133.74,24,2100.97,0,8
2025-08-25,HomeDecor,19969.54,21,1718.82,0,8
2025-08-26,Electronics,44860.69,55,931.07,1,8
2025-08-26,Clothing,41506.38,50,840.84,1,8
2025-08-26,Groceries,29525.98,29,1599.56,1,8
2025-08-26,Footwear,22975.49,19,720.76,1,8
2025-08-26,HomeDecor,16178.21,15,2078.23,1,8
2025-08-27,Electronics,45063.77,42,1727.97,2,8
2025-08-27,Clothing,38963.41,37,1557.29,2,8
2025-08-27,Groceries,30219.95,27,682.39,2,8
2025-08-27,Footwear,20904.09,18,1590.76,2,8
2025-08-27,HomeDecor,15668.86,15,1822.35,2,8
2025-08-28,Electronics,52186.76,64,715.57,3,8
2025-08-28,Clothing,42008.48,40,2209.87,3,8
2025-08-28,Groceries,29221.23,28,1903.59,3,8
2025-08-28,Footwear,20392.46,19,1953.56,3,8
2025-08-28,HomeDecor,17557.66,17,739.63,3,8
2025-08-29,Electronics,52527.29,62,1212.01,4,8
2025-08-29,Clothing,26291.21,30,724.8,4,8
2025-08-29,Groceries,29837.12,31,1786.2,4,8
2025-08-29,Footwear,23445.76,21,1641.88,4,8
2025-08-29,HomeDecor,19253.17,19,1323.72,4,8
2025-08-30,Electronics,86378.89,78,1608.06,5,8
2025-08-30,Clothing,54075.11,52,1560.55,5,8
2025-08-30,Groceries,39411.0,38,788.44,5,8
2025-08-30,Footwear,28814.86,24,817.39,5,8
2025-08-30,HomeDecor,30553.26,26,1836.74,5,8
2025-08-31,Electronics,73331.7,61,1647.54,6,8
2025-08-31,Clothing,48667.7,53,1417.13,6,8
2025-08-31,Groceries,40402.29,44,1386.25,6,8
2025-08-31,Footwear,33041.79,32,1357.59,6,8
2025-08-31,HomeDecor,23949.2,20,780.66,6,8
2025-09-01,Electronics,50902.23,50,1193.79,0,9
2025-09-01,Clothing,34031.31,36,1311.17,0,9
2025-09-01,Groceries,29901.74,34,1904.96,0,9
2025-09-01,Footwear,22695.78,21,727.55,0,9
2025-09-01,HomeDecor,16716.88,19,777.14,0,9
2025-09-02,Electronics,54574.72,64,2014.72,1,9
2025-09-02,Clothing,35082.08,35,2142.36,1,9
2025-09-02,Groceries,34511.98,31,713.96,1,9
2025-09-02,Footwear,17637.67,16,1667.2,1,9
2025-09-02,HomeDecor,19964.71,17,832.24,1,9
2025-09-03,Electronics,60728.86,61,2259.85,2,9
2025-09-03,Clothing,28535.8,24,1403.58,2,9
2025-09-03,Groceries,28971.94,24,697.75,2,9
2025-09-03,Footwear,23108.54,24,1740.78,2,9
2025-09-03,HomeDecor,15466.48,15,796.84,2,9
2025-09-04,Electronics,49799.79,47,1004.2,3,9
2025-09-04,Clothing,32001.93,28,1516.16,3,9
2025-09-04,Groceries,35256.81,41,1265.22,3,9
2025-09-04,Footwear,26245.63,24,1298.37,3,9
2025-09-04,HomeDecor,20288.8,17,1129.28,3,9
2025-09-05,Electronics,57897.03,63,2133.72,4,9
2025-09-05,Clothing,31935.41,29,2451.64,4,9
2025-09-05,Groceries,28426.44,25,1765.79,4,9
2025-09-05,Footwear,25174.5,22,1657.81,4,9
2025-09-05,HomeDecor,15800.17,14,2365.26,4,9
2025-09-06,Electronics,78097.76,67,1108.15,5,9
2025-09-06,Clothing,47432.02,53,1119.21,5,9
2025-09-06,Groceries,38981.98,32,1187.07,5,9
2025-09-06,Footwear,34703.51,35,1266.94,5,9
2025-09-06,HomeDecor,25379.56,28,2252.74,5,9
2025-09-07,Electronics,70268.56,64,1848.95,6,9
2025-09-07,Clothing,54234.34,64,869.56,6,9
2025-09-07,Groceries,36121.69,32,2446.44,6,9
2025-09-07,Footwear,34395.63,40,2017.61,6,9
2025-09-07,HomeDecor,25741.24,28,1314.77,6,9
2025-09-08,Electronics,52328.45,50,1247.7,0,9
2025-09-08,Clothing,37174.08,37,1192.11,0,9
2025-09-08,Groceries,26246.66,27,2075.99,0,9
2025-09-08,Footwear,26217.66,24,1732.83,0,9
2025-09-08,HomeDecor,17667.18,21,895.6,0,9
2025-09-09,Electronics,51177.3,43,1773.89,1,9
2025-09-09,Clothing,39776.43,34,755.0,1,9
2025-09-09,Groceries,27886.97,27,1857.68,1,9
2025-09-09,Footwear,20619.69,19,1753.44,1,9
2025-09-09,HomeDecor,15198.07,15,1119.02,1,9
2025-09-10,Electronics,57272.45,48,1573.46,2,9
2025-09-10,Clothing,31390.45,32,1416.84,2,9
2025-09-10,Groceries,35264.38,37,1888.61,2,9
2025-09-10,Footwear,19003.37,17,1524.6,2,9
2025-09-10,HomeDecor,21053.62,18,1186.0,2,9
2025-09-11,Electronics,55139.49,60,1351.0,3,9
2025-09-11,Clothing,35651.83,32,704.09,3,9
2025-09-11,Groceries,28365.24,31,1172.7,3,9
2025-09-11,Footwear,24957.93,27,2057.96,3,9
2025-09-11,HomeDecor,17932.26,15,1085.49,3,9
2025-09-12,Electronics,59957.83,62,827.97,4,9
2025-09-12,Clothing,36411.22,34,2019.33,4,9
2025-09-12,Groceries,30450.91,34,845.45,4,9
2025-09-12,Footwear,23127.33,21,1936.98,4,9
2025-09-12,HomeDecor,17897.5,16,1661.57,4,9
2025-09-13,Electronics,75143.87,65,2131.78,5,9
2025-09-13,Clothing,40288.58,48,1354.44,5,9
2025-09-13,Groceries,35039.85,29,680.37,5,9
2025-09-13,Footwear,34808.18,43,1473.53,5,9
2025-09-13,HomeDecor,24715.2,29,2238.01,5,9
2025-09-14,Electronics,71558.76,65,1415.64,6,9
2025-09-14,Clothing,48689.59,48,1948.05,6,9
2025-09-14,Groceries,41907.71,41,1150.08,6,9
2025-09-14,Footwear,30651.18,30,639.63,6,9
2025-09-14,HomeDecor,22408.72,23,926.56,6,9
2025-09-15,Electronics,55057.56,49,1474.18,0,9
2025-09-15,Clothing,32477.86,28,2347.56,0,9
2025-09-15,Groceries,31224.76,36,1429.75,0,9
2025-09-15,Footwear,19913.8,23,1062.3,0,9
2025-09-15,HomeDecor,19852.48,18,1360.85,0,9
2025-09-16,Electronics,56552.03,67,1351.96,1,9
2025-09-16,Clothing,36921.71,38,2017.03,1,9
2025-09-16,Groceries,32948.07,36,1232.83,1,9
2025-09-16,Footwear,27997.14,31,745.12,1,9
2025-09-16,HomeDecor,19825.87,17,816.65,1,9
2025-09-17,Electronics,44059.28,41,968.42,2,9
2025-09-17,Clothing,31393.52,26,1263.81,2,9
2025-09-17,Groceries,28125.54,23,2420.62,2,9
2025-09-17,Footwear,24062.62,21,2148.57,2,9
2025-09-17,HomeDecor,18931.79,20,795.33,2,9
2025-09-18,Electronics,50080.98,53,974.82,3,9
2025-09-18,Clothing,36672.36,33,890.45,3,9
2025-09-18,Groceries,27733.85,23,1845.47,3,9
2025-09-18,Footwear,22532.36,25,2407.46,3,9
2025-09-18,HomeDecor,15468.01,13,1538.82,3,9
2025-09-19,Electronics,49014.54,41,1671.1,4,9
2025-09-19,Clothing,31133.94,28,1452.92,4,9
2025-09-19,Groceries,27072.38,24,1821.68,4,9
2025-09-19,Footwear,26528.74,23,1214.1,4,9
2025-09-19,HomeDecor,16291.08,14,1200.66,4,9
2025-09-20,Electronics,92090.07,89,729.74,5,9
2025-09-20,Clothing,50997.52,49,1799.63,5,9
2025-09-20,Groceries,41248.59,43,1723.7,5,9
2025-09-20,Footwear,29618.92,30,1563.94,5,9
2025-09-20,HomeDecor,26001.75,27,1477.31,5,9
2025-09-21,Electronics,68703.6,83,708.09,6,9
2025-09-21,Clothing,49192.97,52,745.79,6,9
2025-09-21,Groceries,50868.34,60,1768.52,6,9
2025-09-21,Footwear,32088.77,30,1330.52,6,9
2025-09-21,HomeDecor,27092.73,24,1653.2,6,9
2025-09-22,Electronics,50202.85,42,2302.17,0,9
2025-09-22,Clothing,35874.04,34,2327.19,0,9
2025-09-22,Groceries,35312.4,32,1838.49,0,9
2025-09-22,Footwear,22495.28,23,1749.51,0,9
2025-09-22,HomeDecor,21262.41,20,886.64,0,9
2025-09-23,Electronics,57821.86,69,1455.99,1,9
2025-09-23,Clothing,33975.12,34,2466.53,1,9
2025-09-23,Groceries,31897.22,37,1558.64,1,9
2025-09-23,Footwear,26334.13,29,674.37,1,9
2025-09-23,HomeDecor,19119.26,16,1431.74,1,9
2025-09-24,Electronics,45520.79,44,1595.73,2,9
2025-09-24,Clothing,33382.31,30,901.62,2,9
2025-09-24,Groceries,29257.44,29,2344.08,2,9
2025-09-24,Footwear,23821.36,23,1376.66,2,9
2025-09-24,HomeDecor,19117.21,19,1889.91,2,9
2025-09-25,Electronics,54959.59,66,2099.53,3,9
2025-09-25,Clothing,31192.76,27,1235.83,3,9
2025-09-25,Groceries,31140.59,32,779.56,3,9
2025-09-25,Footwear,25465.41,22,1334.47,3,9
2025-09-25,HomeDecor,19007.62,20,1975.09,3,9
2025-09-26,Electronics,59836.22,52,2432.38,4,9
2025-09-26,Clothing,39002.12,35,2259.23,4,9
2025-09-26,Groceries,31377.54,32,754.85,4,9
2025-09-26,Footwear,23831.6,20,868.71,4,9
2025-09-26,HomeDecor,15010.27,15,1189.44,4,9
2025-09-27,Electronics,76031.92,66,1927.11,5,9
2025-09-27,Clothing,49609.36,49,845.01,5,9
2025-09-27,Groceries,41599.89,35,2382.2,5,9
2025-09-27,Footwear,28263.33,29,1661.95,5,9
2025-09-27,HomeDecor,21673.03,19,2104.16,5,9
2025-09-28,Electronics,80577.48,93,1873.22,6,9
2025-09-28,Clothing,48407.76,41,2494.61,6,9
2025-09-28,Groceries,43260.08,40,777.56,6,9
2025-09-28,Footwear,32491.75,28,1404.47,6,9
2025-09-28,HomeDecor,24372.31,24,634.64,6,9
2025-09-29,Electronics,59066.73,61,942.5,0,9
2025-09-29,Clothing,34142.24,37,1249.29,0,9
2025-09-29,Groceries,30288.36,25,1523.91,0,9
2025-09-29,Footwear,22890.54,25,2499.96,0,9
2025-09-29,HomeDecor,17217.91,19,746.61,0,9
2025-09-30,Electronics,52330.47,61,1564.61,1,9
2025-09-30,Clothing,36799.68,34,2186.73,1,9
2025-09-30,Groceries,28563.75,26,671.72,1,9
2025-09-30,Footwear,27013.81,27,2265.15,1,9
2025-09-30,HomeDecor,16389.71,14,848.99,1,9
2025-10-01,Electronics,66238.62,66,893.08,2,10
2025-10-01,Clothing,43021.21,48,2179.56,2,10
2025-10-01,Groceries,42926.17,35,1787.01,2,10
2025-10-01,Footwear,30589.66,34,1970.25,2,10
2025-10-01,HomeDecor,24821.65,30,1380.63,2,10
2025-10-02,Electronics,57472.47,50,1967.21,3,10
2025-10-02,Clothing,46201.73,44,1760.13,3,10
2025-10-02,Groceries,40836.12,34,2022.22,3,10
2025-10-02,Footwear,30246.85,29,1044.61,3,10
2025-10-02,HomeDecor,24897.33,27,1187.99,3,10
2025-10-03,Electronics,64008.3,61,2317.55,4,10
2025-10-03,Clothing,51342.06,57,1298.9,4,10
2025-10-03,Groceries,46120.87,42,2470.44,4,10
2025-10-03,Footwear,28911.48,27,2061.93,4,10
2025-10-03,HomeDecor,21497.62,17,1325.56,4,10
2025-10-04,Electronics,104368.97,97,1395.46,5,10
2025-10-04,Clothing,70345.9,79,2152.09,5,10
2025-10-04,Groceries,47978.02,43,862.96,5,10
2025-10-04,Footwear,38798.24,41,699.14,5,10
2025-10-04,HomeDecor,29519.08,28,2260.82,5,10
2025-10-05,Electronics,78873.69,72,2375.16,6,10
2025-10-05,Clothing,55169.19,47,2207.2,6,10
2025-10-05,Groceries,45541.54,52,1141.62,6,10
2025-10-05,Footwear,37390.42,31,904.59,6,10
2025-10-05,HomeDecor,30269.64,29,2320.08,6,10
2025-10-06,Electronics,69080.95,78,2178.99,0,10
2025-10-06,Clothing,51977.25,61,2398.19,0,10
2025-10-06,Groceries,33756.17,36,2151.74,0,10
2025-10-06,Footwear,32952.97,33,2367.9,0,10
2025-10-06,HomeDecor,22018.53,21,701.19,0,10
2025-10-07,Electronics,67166.12,63,1310.53,1,10
2025-10-07,Clothing,48036.69,48,2489.6,1,10
2025-10-07,Groceries,33289.79,33,1026.62,1,10
2025-10-07,Footwear,31147.23,32,2368.57,1,10
2025-10-07,HomeDecor,22874.52,19,1834.93,1,10
2025-10-08,Electronics,70824.05,81,861.44,2,10
2025-10-08,Clothing,46301.26,48,2343.05,2,10
2025-10-08,Groceries,46707.38,44,1922.54,2,10
2025-10-08,Footwear,28086.78,32,2041.8,2,10
2025-10-08,HomeDecor,21305.26,20,1452.34,2,10
2025-10-09,Electronics,63293.8,78,2321.13,3,10
2025-10-09,Clothing,42500.35,52,1086.26,3,10
2025-10-09,Groceries,35109.8,40,1642.73,3,10
2025-10-09,Footwear,33567.05,28,1756.87,3,10
2025-10-09,HomeDecor,25696.13,25,811.26,3,10
2025-10-10,Electronics,63647.46,67,1051.52,4,10
2025-10-10,Clothing,41254.4,47,690.72,4,10
2025-10-10,Groceries,39267.81,38,1814.01,4,10
2025-10-10,Footwear,28343.33,25,1468.52,4,10
2025-10-10,HomeDecor,23924.1,27,2189.71,4,10
2025-10-11,Electronics,92974.14,88,1733.8,5,10
2025-10-11,Clothing,51541.85,63,1800.71,5,10
2025-10-11,Groceries,58459.25,53,1059.68,5,10
2025-10-11,Footwear,47773.3,54,1153.42,5,10
2025-10-11,HomeDecor,28513.65,35,1768.14,5,10
2025-10-12,Electronics,87592.07,94,1684.26,6,10
2025-10-12,Clothing,62486.63,69,1862.31,6,10
2025-10-12,Groceries,52318.19,62,1594.62,6,10
2025-10-12,Footwear,43167.1,43,728.59,6,10
2025-10-12,HomeDecor,36481.0,34,1633.76,6,10
2025-10-13,Electronics,66305.61,62,1652.89,0,10
2025-10-13,Clothing,41407.66,41,2259.33,0,10
2025-10-13,Groceries,32327.55,39,1807.77,0,10
2025-10-13,Footwear,27807.21,28,1081.94,0,10
2025-10-13,HomeDecor,22425.46,27,1278.48,0,10
2025-10-14,Electronics,79613.27,95,1255.12,1,10
2025-10-14,Clothing,42670.75,36,1848.5,1,10
2025-10-14,Groceries,38339.2,44,2065.85,1,10
2025-10-14,Footwear,29950.73,25,2037.69,1,10
2025-10-14,HomeDecor,25173.88,29,684.24,1,10
2025-10-15,Electronics,84556.79,78,1243.24,2,10
2025-10-15,Clothing,42611.09,37,932.67,2,10
2025-10-15,Groceries,35664.6,29,1900.9,2,10
2025-10-15,Footwear,33132.48,28,1509.21,2,10
2025-10-15,HomeDecor,24034.26,26,2141.85,2,10
2025-10-16,Electronics,79965.27,96,1960.49,3,10
2025-10-16,Clothing,47627.68,46,670.27,3,10
2025-10-16,Groceries,36152.65,40,683.23,3,10
2025-10-16,Footwear,31771.96,35,2283.0,3,10
2025-10-16,HomeDecor,24994.58,26,2373.4,3,10
2025-10-17,Electronics,73038.25,68,1356.63,4,10
2025-10-17,Clothing,47282.73,43,1499.46,4,10
2025-10-17,Groceries,41500.03,50,2031.25,4,10
2025-10-17,Footwear,33507.89,37,1143.61,4,10
2025-10-17,HomeDecor,25609.86,21,690.83,4,10
2025-10-18,Electronics,97036.37,85,1230.66,5,10
2025-10-18,Clothing,59734.76,69,2118.75,5,10
2025-10-18,Groceries,51367.74,50,2290.02,5,10
2025-10-18,Footwear,45386.36,38,1435.5,5,10
2025-10-18,HomeDecor,27893.56,27,1244.17,5,10
2025-10-19,Electronics,94484.54,105,1542.79,6,10
2025-10-19,Clothing,58360.47,55,1297.96,6,10
2025-10-19,Groceries,50770.52,47,1106.77,6,10
2025-10-19,Footwear,45677.73,54,1981.45,6,10
2025-10-19,HomeDecor,30955.46,36,1418.15,6,10
2025-10-20,Electronics,67813.45,76,1636.4,0,10
2025-10-20,Clothing,38880.65,40,794.94,0,10
2025-10-20,Groceries,40298.45,41,1855.75,0,10
2025-10-20,Footwear,31936.45,33,1447.24,0,10
2025-10-20,HomeDecor,27367.32,23,1409.62,0,10
2025-10-21,Electronics,65422.5,56,1443.43,1,10
2025-10-21,Clothing,45986.18,44,680.47,1,10
2025-10-21,Groceries,38435.19,39,1768.22,1,10
2025-10-21,Footwear,34732.36,33,1121.66,1,10
2025-10-21,HomeDecor,22285.59,26,742.58,1,10
2025-10-22,Electronics,69383.4,61,1371.8,2,10
2025-10-22,Clothing,47735.53,44,2122.08,2,10
2025-10-22,Groceries,38199.78,33,903.97,2,10
2025-10-22,Footwear,28660.7,35,871.28,2,10
2025-10-22,HomeDecor,22936.7,20,1888.37,2,10
2025-10-23,Electronics,74747.01,72,666.12,3,10
2025-10-23,Clothing,40380.68,48,1048.39,3,10
2025-10-23,Groceries,37998.64,33,1296.02,3,10
2025-10-23,Footwear,27899.64,28,2403.99,3,10
2025-10-23,HomeDecor,25188.85,30,1749.68,3,10
2025-10-24,Electronics,57218.49,49,1454.85,4,10
2025-10-24,Clothing,42484.85,42,1306.83,4,10
2025-10-24,Groceries,38914.54,32,746.08,4,10
2025-10-24,Footwear,34696.57,39,1605.97,4,10
2025-10-24,HomeDecor,22352.06,22,1197.33,4,10
2025-10-25,Electronics,86065.74,91,1074.26,5,10
2025-10-25,Clothing,72178.03,84,649.24,5,10
2025-10-25,Groceries,43294.43,48,1548.18,5,10
2025-10-25,Footwear,31594.84,31,2335.73,5,10
2025-10-25,HomeDecor,31711.54,36,1097.38,5,10
2025-10-26,Electronics,86550.03,92,1937.67,6,10
2025-10-26,Clothing,54546.01,60,2493.09,6,10
2025-10-26,Groceries,54211.05,57,1918.56,6,10
2025-10-26,Footwear,41487.39,39,980.34,6,10
2025-10-26,HomeDecor,28661.61,32,2220.37,6,10
2025-10-27,Electronics,58857.95,57,928.05,0,10
2025-10-27,Clothing,48926.06,41,1445.71,0,10
2025-10-27,Groceries,39938.25,47,2139.98,0,10
2025-10-27,Footwear,29702.47,30,1868.9,0,10
2025-10-27,HomeDecor,26654.93,22,723.38,0,10
2025-10-28,Electronics,60276.93,55,1151.69,1,10
2025-10-28,Clothing,38135.14,40,2217.59,1,10
2025-10-28,Groceries,34905.34,29,1948.17,1,10
2025-10-28,Footwear,29863.24,25,1811.63,1,10
2025-10-28,HomeDecor,23047.51,23,1566.64,1,10
2025-10-29,Electronics,65871.66,76,2471.75,2,10
2025-10-29,Clothing,46584.25,53,1049.8,2,10
2025-10-29,Groceries,32806.73,31,649.94,2,10
2025-10-29,Footwear,34331.29,31,1687.33,2,10
2025-10-29,HomeDecor,22315.16,21,2126.96,2,10
2025-10-30,Electronics,75041.75,69,846.57,3,10
2025-10-30,Clothing,46542.26,55,724.92,3,10
2025-10-30,Groceries,39212.82,39,2499.23,3,10
2025-10-30,Footwear,31709.3,27,1509.46,3,10
2025-10-30,HomeDecor,23507.34,23,2061.41,3,10
2025-10-31,Electronics,71838.38,65,740.13,4,10
2025-10-31,Clothing,50981.19,52,1820.44,4,10
2025-10-31,Groceries,38236.95,37,1485.08,4,10
2025-10-31,Footwear,32127.01,30,1254.58,4,10
2025-10-31,HomeDecor,22298.09,18,1647.48,4,10
2025-11-01,Electronics,104248.07,94,945.73,5,11
2025-11-01,Clothing,56640.92,65,1421.97,5,11
2025-11-01,Groceries,59742.26,72,2179.64,5,11
2025-11-01,Footwear,40337.36,37,890.73,5,11
2025-11-01,HomeDecor,26029.02,29,907.74,5,11
2025-11-02,Electronics,92292.35,79,1028.39,6,11
2025-11-02,Clothing,56612.61,53,2300.36,6,11
2025-11-02,Groceries,54880.76,65,1076.15,6,11
2025-11-02,Footwear,37856.87,33,2417.07,6,11
2025-11-02,HomeDecor,29019.72,30,837.82,6,11
2025-11-03,Electronics,54745.6,57,1767.41,0,11
2025-11-03,Clothing,42964.62,50,1554.89,0,11
2025-11-03,Groceries,28410.45,32,1724.44,0,11
2025-11-03,Footwear,25248.29,23,892.97,0,11
2025-11-03,HomeDecor,24210.93,21,1786.51,0,11
2025-11-04,Electronics,72804.15,65,1241.48,1,11
2025-11-04,Clothing,46914.56,43,678.27,1,11
2025-11-04,Groceries,33873.84,41,754.32,1,11
2025-11-04,Footwear,29856.87,26,2064.94,1,11
2025-11-04,HomeDecor,22491.89,24,1837.15,1,11
2025-11-05,Electronics,59681.04,50,1687.06,2,11
2025-11-05,Clothing,51765.29,46,1814.08,2,11
2025-11-05,Groceries,40790.11,38,2289.09,2,11
2025-11-05,Footwear,29337.11,27,1150.38,2,11
2025-11-05,HomeDecor,22560.49,23,1517.6,2,11
2025-11-06,Electronics,68906.58,59,1371.58,3,11
2025-11-06,Clothing,35812.19,34,738.65,3,11
2025-11-06,Groceries,36573.08,44,900.35,3,11
2025-11-06,Footwear,27954.05,27,1520.08,3,11
2025-11-06,HomeDecor,20246.35,22,1246.37,3,11
2025-11-07,Electronics,65602.57,75,1193.91,4,11
2025-11-07,Clothing,53089.59,45,1206.7,4,11
2025-11-07,Groceries,39903.16,40,2453.21,4,11
2025-11-07,Footwear,28286.46,32,2045.26,4,11
2025-11-07,HomeDecor,23788.31,22,1667.14,4,11
2025-11-08,Electronics,103876.63,107,1059.3,5,11
2025-11-08,Clothing,66367.15,76,1108.2,5,11
2025-11-08,Groceries,50926.88,54,867.67,5,11
2025-11-08,Footwear,37879.91,45,1151.4,5,11
2025-11-08,HomeDecor,32495.85,32,2241.91,5,11
2025-11-09,Electronics,94710.64,93,1071.71,6,11
2025-11-09,Clothing,66188.3,75,2145.61,6,11
2025-11-09,Groceries,53840.56,49,1970.14,6,11
2025-11-09,Footwear,44750.69,49,2049.93,6,11
2025-11-09,HomeDecor,28749.22,27,2492.34,6,11
2025-11-10,Electronics,76392.41,73,1547.64,0,11
2025-11-10,Clothing,45889.2,47,1545.0,0,11
2025-11-10,Groceries,45282.23,53,2395.94,0,11
2025-11-10,Footwear,27932.44,26,1468.74,0,11
2025-11-10,HomeDecor,26405.92,28,1008.77,0,11
2025-11-11,Electronics,68835.9,70,692.45,1,11
2025-11-11,Clothing,42068.62,44,1540.3,1,11
2025-11-11,Groceries,35685.43,31,1877.79,1,11
2025-11-11,Footwear,29038.96,30,1619.71,1,11
2025-11-11,HomeDecor,23454.37,27,1418.76,1,11
2025-11-12,Electronics,71029.14,75,1982.27,2,11
2025-11-12,Clothing,42418.35,35,1366.18,2,11
2025-11-12,Groceries,37408.67,45,1361.11,2,11
2025-11-12,Footwear,36426.81,33,1667.45,2,11
2025-11-12,HomeDecor,26386.97,26,1651.12,2,11
2025-11-13,Electronics,70445.18,84,1334.06,3,11
2025-11-13,Clothing,45171.02,43,2052.37,3,11
2025-11-13,Groceries,37950.12,40,2168.09,3,11
2025-11-13,Footwear,31840.55,28,1892.76,3,11
2025-11-13,HomeDecor,20198.72,23,844.46,3,11
2025-11-14,Electronics,65762.71,77,1348.42,4,11
2025-11-14,Clothing,37491.37,38,1659.88,4,11
2025-11-14,Groceries,38997.09,39,2034.43,4,11
2025-11-14,Footwear,31941.59,35,1744.68,4,11
2025-11-14,HomeDecor,21412.83,21,1550.15,4,11
2025-11-15,Electronics,105467.95,128,673.94,5,11
2025-11-15,Clothing,53303.47,45,1232.78,5,11
2025-11-15,Groceries,43211.6,41,1586.73,5,11
2025-11-15,Footwear,41409.03,47,1751.89,5,11
2025-11-15,HomeDecor,33555.56,31,865.58,5,11
2025-11-16,Electronics,106469.79,95,1205.21,6,11
2025-11-16,Clothing,57962.28,57,2482.17,6,11
2025-11-16,Groceries,56085.82,47,2200.94,6,11
2025-11-16,Footwear,40344.04,36,1239.11,6,11
2025-11-16,HomeDecor,29850.64,28,1611.45,6,11
2025-11-17,Electronics,73464.7,63,1669.56,0,11
2025-11-17,Clothing,47935.45,45,2149.92,0,11
2025-11-17,Groceries,31588.53,31,1229.36,0,11
2025-11-17,Footwear,34429.62,40,2461.81,0,11
2025-11-17,HomeDecor,25605.21,23,1184.59,0,11
2025-11-18,Electronics,63277.45,54,2256.99,1,11
2025-11-18,Clothing,46781.12,41,650.63,1,11
2025-11-18,Groceries,39352.61,37,1104.51,1,11
2025-11-18,Footwear,30782.02,27,2087.52,1,11
2025-11-18,HomeDecor,21261.81,17,1699.1,1,11
2025-11-19,Electronics,62966.54,68,1970.66,2,11
2025-11-19,Clothing,44885.01,40,1512.85,2,11
2025-11-19,Groceries,41897.73,39,1795.15,2,11
2025-11-19,Footwear,31630.8,28,2071.75,2,11
2025-11-19,HomeDecor,21666.12,21,880.77,2,11
2025-11-20,Electronics,72708.97,63,1060.17,3,11
2025-11-20,Clothing,32181.56,29,2401.59,3,11
2025-11-20,Groceries,41807.87,48,962.49,3,11
2025-11-20,Footwear,24780.86,24,1196.02,3,11
2025-11-20,HomeDecor,21684.51,24,1384.62,3,11
2025-11-21,Electronics,59942.23,66,1379.72,4,11
2025-11-21,Clothing,39173.93,32,1761.81,4,11
2025-11-21,Groceries,41853.1,40,2258.35,4,11
2025-11-21,Footwear,28596.9,24,1982.06,4,11
2025-11-21,HomeDecor,23279.63,20,862.36,4,11
2025-11-22,Electronics,90697.44,100,1665.68,5,11
2025-11-22,Clothing,63648.02,55,1508.9,5,11
2025-11-22,Groceries,51013.91,51,1196.13,5,11
2025-11-22,Footwear,35303.88,39,1473.36,5,11
2025-11-22,HomeDecor,33401.16,31,1250.42,5,11
2025-11-23,Electronics,86625.64,88,1884.15,6,11
2025-11-23,Clothing,51293.76,43,1893.42,6,11
2025-11-23,Groceries,48457.67,41,1102.29,6,11
2025-11-23,Footwear,46578.08,44,965.3,6,11
2025-11-23,HomeDecor,32957.55,35,1130.11,6,11
2025-11-24,Electronics,65146.6,68,1027.25,0,11
2025-11-24,Clothing,43428.34,45,2065.23,0,11
2025-11-24,Groceries,36293.87,31,993.83,0,11
2025-11-24,Footwear,36230.24,31,1529.11,0,11
2025-11-24,HomeDecor,23359.35,22,1262.73,0,11
2025-11-25,Electronics,70402.78,60,1119.57,1,11
2025-11-25,Clothing,49636.28,57,1689.61,1,11
2025-11-25,Groceries,38395.46,35,1321.42,1,11
2025-11-25,Footwear,29222.87,29,2154.92,1,11
2025-11-25,HomeDecor,22058.21,18,2128.77,1,11
2025-11-26,Electronics,67016.69,70,679.93,2,11
2025-11-26,Clothing,44832.5,38,750.16,2,11
2025-11-26,Groceries,40228.61,39,1846.35,2,11
2025-11-26,Footwear,30155.84,25,1510.25,2,11
2025-11-26,HomeDecor,24148.44,26,2173.11,2,11
2025-11-27,Electronics,66955.16,71,2372.75,3,11
2025-11-27,Clothing,45353.86,39,1116.08,3,11
2025-11-27,Groceries,30006.75,35,1769.79,3,11
2025-11-27,Footwear,32748.98,29,1054.64,3,11
2025-11-27,HomeDecor,23279.6,28,1872.68,3,11
2025-11-28,Electronics,74236.57,69,1028.78,4,11
2025-11-28,Clothing,31966.85,34,699.73,4,11
2025-11-28,Groceries,45331.41,44,1227.56,4,11
2025-11-28,Footwear,29581.23,28,791.04,4,11
2025-11-28,HomeDecor,24993.41,20,861.19,4,11
2025-11-29,Electronics,81648.86,75,2458.03,5,11
2025-11-29,Clothing,64472.6,73,1373.12,5,11
2025-11-29,Groceries,45292.08,43,1507.15,5,11
2025-11-29,Footwear,37973.74,42,2036.23,5,11
2025-11-29,HomeDecor,36188.87,38,1210.22,5,11
2025-11-30,Electronics,89387.41,79,712.41,6,11
2025-11-30,Clothing,62070.9,52,769.98,6,11
2025-11-30,Groceries,55029.72,50,1041.22,6,11
2025-11-30,Footwear,42507.51,36,1973.92,6,11
2025-11-30,HomeDecor,30831.9,37,2335.14,6,11
2025-12-01,Electronics,69963.49,78,1393.98,0,12
2025-12-01,Clothing,55815.37,62,2374.45,0,12
2025-12-01,Groceries,37283.93,45,2494.63,0,12
2025-12-01,Footwear,30603.3,30,2097.13,0,12
2025-12-01,HomeDecor,24863.97,27,2379.56,0,12
2025-12-02,Electronics,74962.3,79,2265.81,1,12
2025-12-02,Clothing,50341.64,62,1166.95,1,12
2025-12-02,Groceries,39895.24,36,803.87,1,12
2025-12-02,Footwear,26570.99,27,1140.67,1,12
2025-12-02,HomeDecor,26175.22,23,1632.27,1,12
2025-12-03,Electronics,59762.17,56,2289.59,2,12
2025-12-03,Clothing,46361.86,53,2217.01,2,12
2025-12-03,Groceries,34671.47,33,1118.39,2,12
2025-12-03,Footwear,29807.58,34,1228.3,2,12
2025-12-03,HomeDecor,23239.72,19,1471.94,2,12
2025-12-04,Electronics,69669.16,74,1965.34,3,12
2025-12-04,Clothing,46898.64,58,1999.57,3,12
2025-12-04,Groceries,43551.42,45,1678.78,3,12
2025-12-04,Footwear,31360.6,26,967.01,3,12
2025-12-04,HomeDecor,21950.65,19,2226.68,3,12
2025-12-05,Electronics,74007.59,73,2171.28,4,12
2025-12-05,Clothing,50352.62,47,1223.06,4,12
2025-12-05,Groceries,32896.47,32,1871.59,4,12
2025-12-05,Footwear,31792.2,35,2465.2,4,12
2025-12-05,HomeDecor,24077.64,23,1214.84,4,12
2025-12-06,Electronics,88413.45,95,612.98,5,12
2025-12-06,Clothing,69107.42,69,1047.49,5,12
2025-12-06,Groceries,49865.34,42,1107.29,5,12
2025-12-06,Footwear,41008.58,42,1173.7,5,12
2025-12-06,HomeDecor,29849.29,25,1688.47,5,12
2025-12-07,Electronics,91266.96,97,1842.0,6,12
2025-12-07,Clothing,54090.13,46,1048.97,6,12
2025-12-07,Groceries,43334.74,37,824.63,6,12
2025-12-07,Footwear,46957.75,49,903.46,6,12
2025-12-07,HomeDecor,27802.35,24,1554.79,6,12
2025-12-08,Electronics,60808.1,52,2062.7,0,12
2025-12-08,Clothing,35309.74,30,823.09,0,12
2025-12-08,Groceries,35103.89,36,1298.33,0,12
2025-12-08,Footwear,26030.73,28,1016.34,0,12
2025-12-08,HomeDecor,26194.53,30,1508.55,0,12
2025-12-09,Electronics,74316.27,72,2020.7,1,12
2025-12-09,Clothing,41903.32,37,1309.89,1,12
2025-12-09,Groceries,45946.63,39,1643.55,1,12
2025-12-09,Footwear,32945.3,31,2038.97,1,12
2025-12-09,HomeDecor,21769.13,19,2168.65,1,12
2025-12-10,Electronics,50629.01,42,1070.18,2,12
2025-12-10,Clothing,55309.24,46,1732.05,2,12
2025-12-10,Groceries,32289.1,38,1598.46,2,12
2025-12-10,Footwear,25063.8,23,1937.16,2,12
2025-12-10,HomeDecor,24800.78,29,2342.76,2,12
2025-12-11,Electronics,83968.33,97,717.34,3,12
2025-12-11,Clothing,51229.23,47,2315.49,3,12
2025-12-11,Groceries,39614.66,43,1688.13,3,12
2025-12-11,Footwear,31784.26,36,912.62,3,12
2025-12-11,HomeDecor,24420.19,22,1439.5,3,12
2025-12-12,Electronics,72622.77,63,990.26,4,12
2025-12-12,Clothing,46265.36,42,1528.77,4,12
2025-12-12,Groceries,37890.75,35,1446.42,4,12
2025-12-12,Footwear,29812.22,36,1461.52,4,12
2025-12-12,HomeDecor,20803.58,19,1389.31,4,12
2025-12-13,Electronics,88567.35,81,709.7,5,12
2025-12-13,Clothing,50465.29,48,1878.26,5,12
2025-12-13,Groceries,50127.16,52,1974.23,5,12
2025-12-13,Footwear,36496.21,36,1083.47,5,12
2025-12-13,HomeDecor,27022.85,33,2017.03,5,12
2025-12-14,Electronics,92764.29,84,738.76,6,12
2025-12-14,Clothing,69206.41,68,1254.6,6,12
2025-12-14,Groceries,55273.98,66,1628.21,6,12
2025-12-14,Footwear,34139.47,41,2375.71,6,12
2025-12-14,HomeDecor,27369.0,32,2473.66,6,12
2025-12-15,Electronics,73850.21,70,660.3,0,12
2025-12-15,Clothing,40578.81,40,941.96,0,12
2025-12-15,Groceries,36657.63,42,2055.07,0,12
2025-12-15,Footwear,31650.16,26,1827.17,0,12
2025-12-15,HomeDecor,20321.22,20,1311.48,0,12
2025-12-16,Electronics,68211.28,68,1452.22,1,12
2025-12-16,Clothing,38996.89,39,1313.73,1,12
2025-12-16,Groceries,35244.87,30,2431.87,1,12
2025-12-16,Footwear,30959.35,28,852.68,1,12
2025-12-16,HomeDecor,18915.76,19,825.4,1,12
2025-12-17,Electronics,70473.2,65,1346.81,2,12
2025-12-17,Clothing,44911.63,51,1982.93,2,12
2025-12-17,Groceries,39571.84,43,2186.16,2,12
2025-12-17,Footwear,30671.74,25,643.2,2,12
2025-12-17,HomeDecor,25569.32,26,1479.71,2,12
2025-12-18,Electronics,68345.27,58,1634.45,3,12
2025-12-18,Clothing,43067.68,40,1320.63,3,12
2025-12-18,Groceries,37958.62,41,1070.27,3,12
2025-12-18,Footwear,31629.89,32,894.73,3,12
2025-12-18,HomeDecor,22609.94,25,2381.08,3,12
2025-12-19,Electronics,67773.99,57,2054.43,4,12
2025-12-19,Clothing,41841.04,51,2138.01,4,12
2025-12-19,Groceries,35014.12,34,1768.35,4,12
2025-12-19,Footwear,25792.18,31,1057.27,4,12
2025-12-19,HomeDecor,26436.55,31,791.7,4,12
2025-12-20,Electronics,79790.3,97,1448.24,5,12
2025-12-20,Clothing,56540.6,49,1936.24,5,12
2025-12-20,Groceries,46988.06,57,1064.99,5,12
2025-12-20,Footwear,44124.44,53,1364.3,5,12
2025-12-20,HomeDecor,29479.09,32,1625.54,5,12
2025-12-21,Electronics,102495.05,86,2241.09,6,12
2025-12-21,Clothing,56658.54,68,866.26,6,12
2025-12-21,Groceries,52037.41,54,1044.91,6,12
2025-12-21,Footwear,37116.84,31,1694.61,6,12
2025-12-21,HomeDecor,36890.89,33,1736.04,6,12
2025-12-22,Electronics,59483.71,51,2154.93,0,12
2025-12-22,Clothing,46394.19,50,1173.35,0,12
2025-12-22,Groceries,39876.66,45,2472.82,0,12
2025-12-22,Footwear,31241.4,29,1019.98,0,12
2025-12-22,HomeDecor,22083.1,23,1122.79,0,12
2025-12-23,Electronics,66623.71,61,2402.19,1,12
2025-12-23,Clothing,45197.15,38,2332.0,1,12
2025-12-23,Groceries,36948.74,32,1889.63,1,12
2025-12-23,Footwear,32891.64,30,1541.68,1,12
2025-12-23,HomeDecor,27473.68,28,2389.01,1,12
2025-12-24,Electronics,63736.93,55,1324.19,2,12
2025-12-24,Clothing,38835.89,36,1205.6,2,12
2025-12-24,Groceries,37168.94,36,1375.69,2,12
2025-12-24,Footwear,37739.13,39,1315.27,2,12
2025-12-24,HomeDecor,20691.73,17,1622.06,2,12
2025-12-25,Electronics,78564.04,85,2213.75,3,12
2025-12-25,Clothing,52549.65,55,2229.33,3,12
2025-12-25,Groceries,35424.04,40,2130.97,3,12
2025-12-25,Footwear,31706.95,38,1668.53,3,12
2025-12-25,HomeDecor,26163.89,25,1658.84,3,12
2025-12-26,Electronics,64940.89,74,1338.0,4,12
2025-12-26,Clothing,44083.89,47,986.34,4,12
2025-12-26,Groceries,35318.7,31,750.23,4,12
2025-12-26,Footwear,26955.73,26,2209.55,4,12
2025-12-26,HomeDecor,21039.13,24,1617.71,4,12
2025-12-27,Electronics,79971.84,89,697.92,5,12
2025-12-27,Clothing,60957.06,61,1879.98,5,12
2025-12-27,Groceries,46727.01,42,675.14,5,12
2025-12-27,Footwear,41446.83,49,957.51,5,12
2025-12-27,HomeDecor,25648.97,21,1716.41,5,12
2025-12-28,Electronics,94140.15,82,1661.82,6,12
2025-12-28,Clothing,65813.69,62,996.89,6,12
2025-12-28,Groceries,40531.71,41,1176.06,6,12
2025-12-28,Footwear,42014.93,52,1002.43,6,12
2025-12-28,HomeDecor,34104.04,38,2427.95,6,12
2025-12-29,Electronics,59334.92,68,2019.07,0,12
2025-12-29,Clothing,52526.58,44,1509.95,0,12
2025-12-29,Groceries,39071.32,42,1921.69,0,12
2025-12-29,Footwear,27884.96,24,988.57,0,12
2025-12-29,HomeDecor,22374.52,24,1648.95,0,12
2025-12-30,Electronics,71268.71,59,1137.81,1,12
2025-12-30,Clothing,45342.02,43,1613.94,1,12
2025-12-30,Groceries,39520.33,40,1186.0,1,12
2025-12-30,Footwear,27237.98,27,1574.35,1,12
2025-12-30,HomeDecor,22881.06,21,1485.41,1,12
2025-12-31,Electronics,57957.43,49,1492.03,2,12
2025-12-31,Clothing,44499.48,46,2337.23,2,12
2025-12-31,Groceries,34110.35,34,1194.55,2,12
2025-12-31,Footwear,27793.41,33,1668.8,2,12
2025-12-31,HomeDecor,25281.21,27,2008.38,2,12
2026-01-01,Electronics,49910.9,61,1095.47,3,1
2026-01-01,Clothing,31827.41,28,1700.37,3,1
2026-01-01,Groceries,22269.22,21,1160.87,3,1
2026-01-01,Footwear,19367.18,21,1226.74,3,1
2026-01-01,HomeDecor,16819.65,16,1682.6,3,1
2026-01-02,Electronics,45637.73,49,1548.67,4,1
2026-01-02,Clothing,36957.99,32,2392.58,4,1
2026-01-02,Groceries,25983.29,26,1088.92,4,1
2026-01-02,Footwear,20384.1,19,2436.37,4,1
2026-01-02,HomeDecor,14536.33,12,2005.23,4,1
2026-01-03,Electronics,61561.26,59,919.64,5,1
2026-01-03,Clothing,39882.5,40,921.6,5,1
2026-01-03,Groceries,36139.87,30,1638.44,5,1
2026-01-03,Footwear,29583.1,33,2342.11,5,1
2026-01-03,HomeDecor,18658.37,17,2481.61,5,1
2026-01-04,Electronics,52662.76,63,1595.49,6,1
2026-01-04,Clothing,33063.37,39,2395.86,6,1
2026-01-04,Groceries,35464.47,31,692.18,6,1
2026-01-04,Footwear,24020.91,29,1383.55,6,1
2026-01-04,HomeDecor,15890.4,14,1039.72,6,1
2026-01-05,Electronics,46748.6,40,886.96,0,1
2026-01-05,Clothing,37479.0,41,1560.89,0,1
2026-01-05,Groceries,24984.82,25,714.86,0,1
2026-01-05,Footwear,21676.98,19,1866.83,0,1
2026-01-05,HomeDecor,15122.74,13,2334.23,0,1
2026-01-06,Electronics,44555.0,39,1526.92,1,1
2026-01-06,Clothing,32757.23,40,1611.2,1,1
2026-01-06,Groceries,24274.31,24,622.52,1,1
2026-01-06,Footwear,20534.78,19,1972.17,1,1
2026-01-06,HomeDecor,15482.55,14,2457.21,1,1
2026-01-07,Electronics,41993.59,51,1554.21,2,1
2026-01-07,Clothing,32976.13,28,1880.66,2,1
2026-01-07,Groceries,24562.6,27,803.33,2,1
2026-01-07,Footwear,18488.51,21,1596.33,2,1
2026-01-07,HomeDecor,15804.76,17,964.67,2,1
2026-01-08,Electronics,40956.89,38,1079.59,3,1
2026-01-08,Clothing,30084.54,30,1107.92,3,1
2026-01-08,Groceries,24977.2,24,750.14,3,1
2026-01-08,Footwear,22171.79,22,1472.1,3,1
2026-01-08,HomeDecor,15712.05,17,2481.44,3,1
2026-01-09,Electronics,44887.38,49,1169.95,4,1
2026-01-09,Clothing,32453.3,38,1842.1,4,1
2026-01-09,Groceries,28475.52,25,2043.21,4,1
2026-01-09,Footwear,21115.62,24,1370.03,4,1
2026-01-09,HomeDecor,15015.53,15,1650.13,4,1
2026-01-10,Electronics,52780.59,63,1809.82,5,1
2026-01-10,Clothing,36186.29,31,925.63,5,1
2026-01-10,Groceries,32719.87,31,2206.13,5,1
2026-01-10,Footwear,25354.32,22,2090.31,5,1
2026-01-10,HomeDecor,19871.38,18,2456.93,5,1
2026-01-11,Electronics,61094.15,72,2300.1,6,1
2026-01-11,Clothing,42645.26,51,1036.56,6,1
2026-01-11,Groceries,33512.07,29,2286.35,6,1
2026-01-11,Footwear,28313.55,27,1115.08,6,1
2026-01-11,HomeDecor,20380.56,24,1900.41,6,1
2026-01-12,Electronics,36110.4,38,2308.69,0,1
2026-01-12,Clothing,27181.99,24,1850.41,0,1
2026-01-12,Groceries,24639.78,27,2364.66,0,1
2026-01-12,Footwear,17580.61,18,629.75,0,1
2026-01-12,HomeDecor,15899.89,17,1715.37,0,1
2026-01-13,Electronics,51888.38,43,2159.31,1,1
2026-01-13,Clothing,33656.29,33,2364.86,1,1
2026-01-13,Groceries,24466.39,25,908.66,1,1
2026-01-13,Footwear,22981.45,24,1676.72,1,1
2026-01-13,HomeDecor,15223.0,15,1886.37,1,1
2026-01-14,Electronics,43483.11,40,1230.29,2,1
2026-01-14,Clothing,28159.79,23,2005.52,2,1
2026-01-14,Groceries,24243.83,21,1975.91,2,1
2026-01-14,Footwear,19223.65,18,2016.37,2,1
2026-01-14,HomeDecor,15255.62,15,702.02,2,1
2026-01-15,Electronics,45722.58,44,1041.07,3,1
2026-01-15,Clothing,30009.14,35,1247.13,3,1
2026-01-15,Groceries,26092.35,21,1766.34,3,1
2026-01-15,Footwear,22381.29,20,1353.74,3,1
2026-01-15,HomeDecor,16424.33,13,1220.12,3,1
2026-01-16,Electronics,38317.96,34,1119.32,4,1
2026-01-16,Clothing,22338.24,21,1532.15,4,1
2026-01-16,Groceries,27335.8,27,1650.77,4,1
2026-01-16,Footwear,17266.24,17,1420.51,4,1
2026-01-16,HomeDecor,14662.85,12,1713.16,4,1
2026-01-17,Electronics,53641.56,53,762.82,5,1
2026-01-17,Clothing,33201.98,29,1161.22,5,1
2026-01-17,Groceries,35577.44,38,1954.91,5,1
2026-01-17,Footwear,29049.72,34,1109.15,5,1
2026-01-17,HomeDecor,19082.57,19,1952.19,5,1
2026-01-18,Electronics,45009.42,40,893.13,6,1
2026-01-18,Clothing,38287.71,38,1201.69,6,1
2026-01-18,Groceries,35072.34,41,773.89,6,1
2026-01-18,Footwear,23006.94,24,1445.0,6,1
2026-01-18,HomeDecor,20621.3,17,1112.56,6,1
2026-01-19,Electronics,44931.11,51,765.86,0,1
2026-01-19,Clothing,31737.87,31,1452.8,0,1
2026-01-19,Groceries,25298.95,23,1573.64,0,1
2026-01-19,Footwear,18053.86,21,649.9,0,1
2026-01-19,HomeDecor,16794.86,17,1653.02,0,1
2026-01-20,Electronics,44286.62,40,1736.28,1,1
2026-01-20,Clothing,29918.09,30,2241.06,1,1
2026-01-20,Groceries,22666.83,28,1154.51,1,1
2026-01-20,Footwear,19113.44,19,2080.42,1,1
2026-01-20,HomeDecor,13672.8,11,2312.16,1,1
2026-01-21,Electronics,44221.74,47,1686.72,2,1
2026-01-21,Clothing,35135.13,39,1902.1,2,1
2026-01-21,Groceries,21570.25,24,863.8,2,1
2026-01-21,Footwear,16772.88,17,1109.97,2,1
2026-01-21,HomeDecor,17206.76,19,720.21,2,1
2026-01-22,Electronics,44058.04,43,1124.33,3,1
2026-01-22,Clothing,27992.78,29,1520.04,3,1
2026-01-22,Groceries,27599.76,32,1286.14,3,1
2026-01-22,Footwear,18788.77,20,1969.71,3,1
2026-01-22,HomeDecor,17739.01,16,1728.23,3,1
2026-01-23,Electronics,48050.67,53,1469.94,4,1
2026-01-23,Clothing,28536.27,32,1178.85,4,1
2026-01-23,Groceries,30393.27,30,1231.21,4,1
2026-01-23,Footwear,18788.57,16,1321.79,4,1
2026-01-23,HomeDecor,16113.14,16,1436.42,4,1
2026-01-24,Electronics,62568.2,61,2149.4,5,1
2026-01-24,Clothing,45772.05,40,2451.03,5,1
2026-01-24,Groceries,39020.1,44,1170.83,5,1
2026-01-24,Footwear,27086.41,24,2399.83,5,1
2026-01-24,HomeDecor,18724.33,20,1510.12,5,1
2026-01-25,Electronics,63544.33,71,2432.69,6,1
2026-01-25,Clothing,37755.25,39,1153.75,6,1
2026-01-25,Groceries,40545.18,35,1802.51,6,1
2026-01-25,Footwear,27368.65,25,2085.75,6,1
2026-01-25,HomeDecor,19510.22,20,1314.51,6,1
2026-01-26,Electronics,45831.06,45,1293.53,0,1
2026-01-26,Clothing,25958.62,23,979.62,0,1
2026-01-26,Groceries,22570.96,20,941.86,0,1
2026-01-26,Footwear,22400.83,18,1645.19,0,1
2026-01-26,HomeDecor,14014.66,11,1477.08,0,1
2026-01-27,Electronics,40288.9,34,998.33,1,1
2026-01-27,Clothing,31609.96,33,2179.44,1,1
2026-01-27,Groceries,27964.26,33,2156.03,1,1
2026-01-27,Footwear,21437.91,21,1878.66,1,1
2026-01-27,HomeDecor,16494.07,18,1803.34,1,1
2026-01-28,Electronics,41594.42,45,1080.1,2,1
2026-01-28,Clothing,25734.57,29,1958.95,2,1
2026-01-28,Groceries,28753.33,28,740.53,2,1
2026-01-28,Footwear,19354.64,17,1510.55,2,1
2026-01-28,HomeDecor,14623.75,14,1615.3,2,1
2026-01-29,Electronics,50976.87,44,1394.77,3,1
2026-01-29,Clothing,31668.69,38,2102.37,3,1
2026-01-29,Groceries,26139.72,26,1933.11,3,1
2026-01-29,Footwear,24330.0,22,1728.26,3,1
2026-01-29,HomeDecor,14034.72,16,807.8,3,1
2026-01-30,Electronics,49175.28,53,1849.44,4,1
2026-01-30,Clothing,30171.04,30,916.04,4,1
2026-01-30,Groceries,25671.48,23,684.16,4,1
2026-01-30,Footwear,23056.94,20,1887.2,4,1
2026-01-30,HomeDecor,15761.75,15,2436.94,4,1
2026-01-31,Electronics,64020.15,66,2434.86,5,1
2026-01-31,Clothing,44843.65,43,801.29,5,1
2026-01-31,Groceries,32518.28,38,1091.6,5,1
2026-01-31,Footwear,24734.13,23,2019.02,5,1
2026-01-31,HomeDecor,18134.26,16,1702.98,5,1
2026-02-01,Electronics,48804.38,44,1019.96,6,2
2026-02-01,Clothing,48827.64,49,1343.15,6,2
2026-02-01,Groceries,30026.67,25,1891.16,6,2
2026-02-01,Footwear,26402.62,22,1550.88,6,2
2026-02-01,HomeDecor,19689.45,20,2495.64,6,2
2026-02-02,Electronics,46383.33,44,798.64,0,2
2026-02-02,Clothing,32447.21,32,2349.04,0,2
2026-02-02,Groceries,27151.18,32,820.53,0,2
2026-02-02,Footwear,18833.85,16,869.18,0,2
2026-02-02,HomeDecor,14749.32,15,1251.83,0,2
2026-02-03,Electronics,46271.61,51,1590.12,1,2
2026-02-03,Clothing,29253.93,29,1504.71,1,2
2026-02-03,Groceries,29018.36,28,1971.79,1,2
2026-02-03,Footwear,20981.95,20,1205.93,1,2
2026-02-03,HomeDecor,16102.32,16,684.9,1,2
2026-02-04,Electronics,47982.97,41,818.66,2,2
2026-02-04,Clothing,33520.42,34,1831.14,2,2
2026-02-04,Groceries,25452.55,22,2120.1,2,2
2026-02-04,Footwear,17406.34,14,1063.43,2,2
2026-02-04,HomeDecor,15599.53,17,1648.63,2,2
2026-02-05,Electronics,42068.89,43,1663.71,3,2
2026-02-05,Clothing,28414.15,27,1040.53,3,2
2026-02-05,Groceries,26465.91,26,1796.54,3,2
2026-02-05,Footwear,22476.57,25,1816.91,3,2
2026-02-05,HomeDecor,15031.91,14,1351.61,3,2
2026-02-06,Electronics,46389.75,39,1766.8,4,2
2026-02-06,Clothing,35106.64,38,1454.19,4,2
2026-02-06,Groceries,25601.88,25,1338.79,4,2
2026-02-06,Footwear,25203.37,21,1008.11,4,2
2026-02-06,HomeDecor,15848.26,16,2029.42,4,2
2026-02-07,Electronics,50053.37,60,1696.96,5,2
2026-02-07,Clothing,43551.03,40,955.22,5,2
2026-02-07,Groceries,35036.41,36,974.44,5,2
2026-02-07,Footwear,30482.33,35,1098.47,5,2
2026-02-07,HomeDecor,21613.19,20,1602.66,5,2
2026-02-08,Electronics,59908.88,53,1195.47,6,2
2026-02-08,Clothing,35541.59,35,1761.49,6,2
2026-02-08,Groceries,33044.55,30,817.04,6,2
2026-02-08,Footwear,24703.59,25,2206.48,6,2
2026-02-08,HomeDecor,19074.44,17,927.8,6,2
2026-02-09,Electronics,47648.6,41,1941.38,0,2
2026-02-09,Clothing,35009.71,36,2345.5,0,2
2026-02-09,Groceries,25986.68,23,761.03,0,2
2026-02-09,Footwear,17608.23,20,1195.05,0,2
2026-02-09,HomeDecor,15666.9,16,1180.22,0,2
2026-02-10,Electronics,50384.84,56,1309.28,1,2
2026-02-10,Clothing,28170.65,32,1570.57,1,2
2026-02-10,Groceries,24664.96,24,1733.21,1,2
2026-02-10,Footwear,20029.38,18,1329.05,1,2
2026-02-10,HomeDecor,13822.65,15,1524.67,1,2
2026-02-11,Electronics,47917.26,44,1917.52,2,2
2026-02-11,Clothing,29637.16,26,2368.32,2,2
2026-02-11,Groceries,26048.83,29,1654.33,2,2
2026-02-11,Footwear,18225.02,17,1148.79,2,2
2026-02-11,HomeDecor,14343.81,16,1197.7,2,2
2026-02-12,Electronics,48250.72,46,1776.88,3,2
2026-02-12,Clothing,28881.5,29,2408.5,3,2
2026-02-12,Groceries,29317.41,27,859.42,3,2
2026-02-12,Footwear,19200.73,19,2431.28,3,2
2026-02-12,HomeDecor,15337.03,14,1840.83,3,2
2026-02-13,Electronics,49196.66,48,1900.92,4,2
2026-02-13,Clothing,25744.9,25,1949.27,4,2
2026-02-13,Groceries,20597.98,20,1528.53,4,2
2026-02-13,Footwear,16948.69,20,1674.26,4,2
2026-02-13,HomeDecor,16893.88,14,1019.01,4,2
2026-02-14,Electronics,57397.46,70,1122.22,5,2
2026-02-14,Clothing,50860.71,47,1148.47,5,2
2026-02-14,Groceries,31845.66,26,1468.91,5,2
2026-02-14,Footwear,27498.29,23,2067.84,5,2
2026-02-14,HomeDecor,23372.77,22,1644.48,5,2
2026-02-15,Electronics,72937.01,85,1688.16,6,2
2026-02-15,Clothing,48849.09,52,2072.71,6,2
2026-02-15,Groceries,37828.24,38,1629.88,6,2
2026-02-15,Footwear,29764.97,25,679.06,6,2
2026-02-15,HomeDecor,21449.87,18,1438.6,6,2
2026-02-16,Electronics,48502.62,53,2480.57,0,2
2026-02-16,Clothing,28346.44,33,1998.38,0,2
2026-02-16,Groceries,22954.5,20,2027.56,0,2
2026-02-16,Footwear,19993.25,21,2262.14,0,2
2026-02-16,HomeDecor,14744.72,18,1454.49,0,2
2026-02-17,Electronics,42960.47,43,2238.18,1,2
2026-02-17,Clothing,32089.16,38,1434.23,1,2
2026-02-17,Groceries,27388.26,31,2073.7,1,2
2026-02-17,Footwear,20176.81,21,998.77,1,2
2026-02-17,HomeDecor,17216.3,14,1717.06,1,2
2026-02-18,Electronics,39862.4,40,2235.99,2,2
2026-02-18,Clothing,29419.02,26,1802.26,2,2
2026-02-18,Groceries,23207.94,26,1770.69,2,2
2026-02-18,Footwear,16266.93,17,2145.71,2,2
2026-02-18,HomeDecor,14875.98,17,1683.14,2,2
2026-02-19,Electronics,44452.14,41,1134.06,3,2
2026-02-19,Clothing,34540.35,32,919.92,3,2
2026-02-19,Groceries,26577.03,22,1156.01,3,2
2026-02-19,Footwear,17951.63,16,1107.95,3,2
2026-02-19,HomeDecor,17781.14,16,2472.43,3,2
2026-02-20,Electronics,50494.65,44,2148.84,4,2
2026-02-20,Clothing,31746.29,36,2429.27,4,2
2026-02-20,Groceries,24433.79,24,2345.66,4,2
2026-02-20,Footwear,18081.12,19,2247.39,4,2
2026-02-20,HomeDecor,14441.69,16,1932.71,4,2
2026-02-21,Electronics,67364.15,77,1074.39,5,2
2026-02-21,Clothing,48132.57,41,1211.98,5,2
2026-02-21,Groceries,38958.45,42,2046.8,5,2
2026-02-21,Footwear,25680.11,22,1346.13,5,2
2026-02-21,HomeDecor,17982.77,20,1697.11,5,2
2026-02-22,Electronics,61605.88,65,1792.84,6,2
2026-02-22,Clothing,33337.82,33,1458.78,6,2
2026-02-22,Groceries,34840.69,30,2109.74,6,2
2026-02-22,Footwear,26601.47,22,776.88,6,2
2026-02-22,HomeDecor,19306.28,18,2024.62,6,2
2026-02-23,Electronics,37823.84,32,2379.04,0,2
2026-02-23,Clothing,31540.8,31,1463.92,0,2
2026-02-23,Groceries,23668.25,22,1221.85,0,2
2026-02-23,Footwear,17660.17,22,2250.92,0,2
2026-02-23,HomeDecor,10691.61,9,776.97,0,2
2026-02-24,Electronics,44876.18,43,1806.2,1,2
2026-02-24,Clothing,35316.75,30,1280.62,1,2
2026-02-24,Groceries,29153.15,35,2111.79,1,2
2026-02-24,Footwear,19085.81,19,1013.88,1,2
2026-02-24,HomeDecor,14096.68,13,2167.21,1,2
2026-02-25,Electronics,47109.48,44,1110.22,2,2
2026-02-25,Clothing,27004.84,28,1241.73,2,2
2026-02-25,Groceries,25754.48,23,848.13,2,2
2026-02-25,Footwear,21532.16,20,2097.78,2,2
2026-02-25,HomeDecor,16840.4,14,2048.28,2,2
2026-02-26,Electronics,44549.31,54,789.19,3,2
2026-02-26,Clothing,29388.98,28,630.93,3,2
2026-02-26,Groceries,22805.04,25,1438.44,3,2
2026-02-26,Footwear,18346.24,22,2484.49,3,2
2026-02-26,HomeDecor,14660.28,14,984.4,3,2
2026-02-27,Electronics,46653.14,40,2327.87,4,2
2026-02-27,Clothing,32740.75,28,1173.54,4,2
2026-02-27,Groceries,22992.05,24,777.35,4,2
2026-02-27,Footwear,22985.38,23,1075.74,4,2
2026-02-27,HomeDecor,14593.31,14,1862.57,4,2
2026-02-28,Electronics,60620.19,53,914.5,5,2
2026-02-28,Clothing,37473.79,37,1788.65,5,2
2026-02-28,Groceries,25568.19,21,1928.94,5,2
2026-02-28,Footwear,29386.92,31,1415.54,5,2
2026-02-28,HomeDecor,21742.11,25,1937.03,5,2
2026-03-01,Electronics,59040.94,73,1005.5,6,3
2026-03-01,Clothing,40771.31,48,852.13,6,3
2026-03-01,Groceries,35491.29,38,1586.94,6,3
2026-03-01,Footwear,22781.13,22,617.65,6,3
2026-03-01,HomeDecor,19178.67,16,1252.79,6,3
2026-03-02,Electronics,48574.19,56,2477.49,0,3
2026-03-02,Clothing,26237.13,25,1918.66,0,3
2026-03-02,Groceries,25733.89,24,734.57,0,3
2026-03-02,Footwear,17286.84,17,769.73,0,3
2026-03-02,HomeDecor,15699.64,18,796.08,0,3
2026-03-03,Electronics,44839.61,45,2273.88,1,3
2026-03-03,Clothing,25154.6,28,1327.17,1,3
2026-03-03,Groceries,27911.85,23,2261.54,1,3
2026-03-03,Footwear,18530.82,16,2486.59,1,3
2026-03-03,HomeDecor,13784.62,15,729.98,1,3
2026-03-04,Electronics,45902.56,42,616.1,2,3
2026-03-04,Clothing,33445.91,29,911.82,2,3
2026-03-04,Groceries,22460.45,22,1972.62,2,3
2026-03-04,Footwear,20123.36,17,2021.71,2,3
2026-03-04,HomeDecor,15643.22,15,1770.54,2,3
2026-03-05,Electronics,48118.98,46,2233.93,3,3
2026-03-05,Clothing,30529.32,36,2303.53,3,3
2026-03-05,Groceries,24082.43,27,2029.65,3,3
2026-03-05,Footwear,18344.82,16,1987.02,3,3
2026-03-05,HomeDecor,15129.22,15,2430.17,3,3
2026-03-06,Electronics,40175.37,41,2103.05,4,3
2026-03-06,Clothing,21235.95,22,1126.24,4,3
2026-03-06,Groceries,26091.4,30,1071.52,4,3
2026-03-06,Footwear,21807.87,19,1740.01,4,3
2026-03-06,HomeDecor,11455.6,10,1141.35,4,3
2026-03-07,Electronics,54615.89,47,650.97,5,3
2026-03-07,Clothing,43007.57,37,2264.07,5,3
2026-03-07,Groceries,40694.05,44,1583.72,5,3
2026-03-07,Footwear,27056.14,25,958.43,5,3
2026-03-07,HomeDecor,18775.79,18,1161.53,5,3
2026-03-08,Electronics,59638.9,72,2089.22,6,3
2026-03-08,Clothing,46068.25,49,1540.29,6,3
2026-03-08,Groceries,31569.87,36,1058.06,6,3
2026-03-08,Footwear,24842.18,22,1728.47,6,3
2026-03-08,HomeDecor,19272.44,18,2288.58,6,3
2026-03-09,Electronics,40710.02,50,2475.08,0,3
2026-03-09,Clothing,30368.01,31,850.77,0,3
2026-03-09,Groceries,29061.7,26,1399.64,0,3
2026-03-09,Footwear,20646.16,19,1897.59,0,3
2026-03-09,HomeDecor,14621.47,12,1494.93,0,3
2026-03-10,Electronics,43686.85,36,738.68,1,3
2026-03-10,Clothing,25310.43,23,728.31,1,3
2026-03-10,Groceries,27207.77,29,1009.91,1,3
2026-03-10,Footwear,19844.33,23,2402.49,1,3
2026-03-10,HomeDecor,14729.28,14,1562.56,1,3
2026-03-11,Electronics,59368.98,52,1954.0,2,3
2026-03-11,Clothing,30896.26,25,1389.32,2,3
2026-03-11,Groceries,23120.52,19,1364.33,2,3
2026-03-11,Footwear,19147.28,16,1619.47,2,3
2026-03-11,HomeDecor,16722.67,14,890.09,2,3
2026-03-12,Electronics,45509.72,54,1188.82,3,3
2026-03-12,Clothing,25685.17,24,2349.76,3,3
2026-03-12,Groceries,27298.07,31,1619.14,3,3
2026-03-12,Footwear,18663.71,18,1714.23,3,3
2026-03-12,HomeDecor,17809.95,14,2185.6,3,3
2026-03-13,Electronics,49860.22,43,1821.99,4,3
2026-03-13,Clothing,28658.03,29,1927.48,4,3
2026-03-13,Groceries,28202.54,24,2411.51,4,3
2026-03-13,Footwear,20135.71,21,710.02,4,3
2026-03-13,HomeDecor,16279.16,19,2356.79,4,3
2026-03-14,Electronics,63694.75,74,1461.41,5,3
2026-03-14,Clothing,37072.26,33,704.55,5,3
2026-03-14,Groceries,31578.02,27,2009.22,5,3
2026-03-14,Footwear,29780.89,25,933.73,5,3
2026-03-14,HomeDecor,19572.08,24,1945.01,5,3
2026-03-15,Electronics,58297.84,50,621.57,6,3
2026-03-15,Clothing,36631.75,34,2410.73,6,3
2026-03-15,Groceries,35179.65,32,1582.72,6,3
2026-03-15,Footwear,32568.82,27,1092.57,6,3
2026-03-15,HomeDecor,18088.25,18,841.17,6,3
2026-03-16,Electronics,45108.99,37,2259.57,0,3
2026-03-16,Clothing,34236.66,29,2284.19,0,3
2026-03-16,Groceries,24800.9,20,2309.81,0,3
2026-03-16,Footwear,20904.74,21,2133.5,0,3
2026-03-16,HomeDecor,13406.41,14,1595.32,0,3
2026-03-17,Electronics,46927.38,50,1953.41,1,3
2026-03-17,Clothing,29438.57,26,1792.31,1,3
2026-03-17,Groceries,27464.32,26,1464.88,1,3
2026-03-17,Footwear,22374.77,22,705.33,1,3
2026-03-17,HomeDecor,18884.35,17,917.07,1,3
2026-03-18,Electronics,47608.35,54,1084.72,2,3
2026-03-18,Clothing,30977.39,36,2299.11,2,3
2026-03-18,Groceries,25485.96,22,1973.28,2,3
2026-03-18,Footwear,19293.67,21,2007.48,2,3
2026-03-18,HomeDecor,15507.73,19,683.67,2,3
2026-03-19,Electronics,43670.69,54,1064.65,3,3
2026-03-19,Clothing,30505.38,29,1291.56,3,3
2026-03-19,Groceries,28293.99,32,940.03,3,3
2026-03-19,Footwear,17986.91,21,1650.44,3,3
2026-03-19,HomeDecor,16709.82,14,2007.27,3,3
2026-03-20,Electronics,50927.02,50,1026.58,4,3
2026-03-20,Clothing,29645.79,31,1390.89,4,3
2026-03-20,Groceries,19695.36,16,1207.88,4,3
2026-03-20,Footwear,18784.36,22,1685.92,4,3
2026-03-20,HomeDecor,16945.49,19,1553.88,4,3
2026-03-21,Electronics,60611.08,73,940.75,5,3
2026-03-21,Clothing,36452.83,34,2464.69,5,3
2026-03-21,Groceries,32046.38,31,730.96,5,3
2026-03-21,Footwear,29269.67,28,2245.46,5,3
2026-03-21,HomeDecor,21357.14,17,2205.21,5,3
2026-03-22,Electronics,59298.49,61,764.13,6,3
2026-03-22,Clothing,39014.36,37,615.14,6,3
2026-03-22,Groceries,32427.82,35,1154.03,6,3
2026-03-22,Footwear,24509.49,25,2005.19,6,3
2026-03-22,HomeDecor,23521.14,25,1481.46,6,3
2026-03-23,Electronics,43549.56,39,2446.53,0,3
2026-03-23,Clothing,33651.48,28,2074.18,0,3
2026-03-23,Groceries,28803.29,24,2310.84,0,3
2026-03-23,Footwear,21996.62,18,2112.35,0,3
2026-03-23,HomeDecor,14352.57,16,612.12,0,3
2026-03-24,Electronics,46816.79,46,645.43,1,3
2026-03-24,Clothing,29927.41,27,1258.21,1,3
2026-03-24,Groceries,22740.75,19,2266.68,1,3
2026-03-24,Footwear,20648.72,21,602.78,1,3
2026-03-24,HomeDecor,13231.44,11,1314.92,1,3
2026-03-25,Electronics,50344.56,42,1981.71,2,3
2026-03-25,Clothing,28606.15,33,989.87,2,3
2026-03-25,Groceries,25502.9,27,1397.65,2,3
2026-03-25,Footwear,20566.58,24,2447.86,2,3
2026-03-25,HomeDecor,14611.64,16,1952.14,2,3
2026-03-26,Electronics,47640.12,56,683.41,3,3
2026-03-26,Clothing,28575.29,31,2304.85,3,3
2026-03-26,Groceries,27178.24,25,1384.81,3,3
2026-03-26,Footwear,17308.04,17,1471.07,3,3
2026-03-26,HomeDecor,15189.57,12,761.31,3,3
2026-03-27,Electronics,53725.18,63,1560.31,4,3
2026-03-27,Clothing,26999.01,23,2157.93,4,3
2026-03-27,Groceries,23305.64,27,1724.6,4,3
2026-03-27,Footwear,21027.82,25,1426.47,4,3
2026-03-27,HomeDecor,15269.37,17,1049.87,4,3
2026-03-28,Electronics,62880.08,67,2216.74,5,3
2026-03-28,Clothing,42481.21,42,1931.38,5,3
2026-03-28,Groceries,35892.18,30,1219.88,5,3
2026-03-28,Footwear,29996.19,29,1116.72,5,3
2026-03-28,HomeDecor,21079.88,25,2392.75,5,3
2026-03-29,Electronics,59284.36,68,2081.88,6,3
2026-03-29,Clothing,43223.92,39,807.05,6,3
2026-03-29,Groceries,40162.1,47,912.31,6,3
2026-03-29,Footwear,26641.89,25,1196.66,6,3
2026-03-29,HomeDecor,18276.58,21,1618.26,6,3
2026-03-30,Electronics,49981.86,41,994.51,0,3
2026-03-30,Clothing,29638.86,30,1480.36,0,3
2026-03-30,Groceries,19568.33,22,771.8,0,3
2026-03-30,Footwear,21694.84,18,1178.01,0,3
2026-03-30,HomeDecor,14197.01,12,1924.07,0,3
2026-03-31,Electronics,44592.6,54,1008.54,1,3
2026-03-31,Clothing,30995.94,32,881.82,1,3
2026-03-31,Groceries,25476.25,21,1071.62,1,3
2026-03-31,Footwear,21418.9,21,1352.86,1,3
2026-03-31,HomeDecor,14346.77,17,1886.65,1,3
2026-04-01,Electronics,40212.63,43,2158.17,2,4
2026-04-01,Clothing,24838.16,27,659.06,2,4
2026-04-01,Groceries,22819.97,22,2223.74,2,4
2026-04-01,Footwear,18046.12,16,2021.35,2,4
2026-04-01,HomeDecor,11557.32,12,779.98,2,4
2026-04-02,Electronics,42403.88,49,2127.4,3,4
2026-04-02,Clothing,24133.29,27,830.76,3,4
2026-04-02,Groceries,22967.12,27,2177.71,3,4
2026-04-02,Footwear,17624.39,19,848.36,3,4
2026-04-02,HomeDecor,15093.68,15,1307.26,3,4
2026-04-03,Electronics,37395.24,33,2381.39,4,4
2026-04-03,Clothing,24609.24,29,1706.42,4,4
2026-04-03,Groceries,21208.73,22,2343.11,4,4
2026-04-03,Footwear,16484.59,19,641.42,4,4
2026-04-03,HomeDecor,13769.93,16,975.73,4,4
2026-04-04,Electronics,43291.28,38,1442.52,5,4
2026-04-04,Clothing,30797.7,35,774.76,5,4
2026-04-04,Groceries,25624.24,26,832.8,5,4
2026-04-04,Footwear,25130.96,24,696.21,5,4
2026-04-04,HomeDecor,20156.89,18,1423.0,5,4
2026-04-05,Electronics,51098.15,43,1350.5,6,4
2026-04-05,Clothing,33843.83,41,1327.19,6,4
2026-04-05,Groceries,28888.46,28,928.33,6,4
2026-04-05,Footwear,25616.51,28,2325.78,6,4
2026-04-05,HomeDecor,15616.29,16,1131.72,6,4
2026-04-06,Electronics,39161.76,44,665.83,0,4
2026-04-06,Clothing,27986.75,25,1772.26,0,4
2026-04-06,Groceries,22314.83,19,1160.7,0,4
2026-04-06,Footwear,17322.29,17,2277.28,0,4
2026-04-06,HomeDecor,14026.33,13,715.86,0,4
2026-04-07,Electronics,27910.14,29,1327.73,1,4
2026-04-07,Clothing,27228.58,26,978.97,1,4
2026-04-07,Groceries,19860.09,18,1073.38,1,4
2026-04-07,Footwear,13887.92,12,2110.21,1,4
2026-04-07,HomeDecor,13401.78,13,2085.64,1,4
2026-04-08,Electronics,43504.24,44,1511.4,2,4
2026-04-08,Clothing,25149.51,20,1520.89,2,4
2026-04-08,Groceries,23274.86,21,1554.55,2,4
2026-04-08,Footwear,19740.87,19,1113.83,2,4
2026-04-08,HomeDecor,14426.52,17,1205.87,2,4
2026-04-09,Electronics,44522.86,48,655.68,3,4
2026-04-09,Clothing,27392.43,22,1133.77,3,4
2026-04-09,Groceries,21410.3,20,1605.92,3,4
2026-04-09,Footwear,14276.66,11,1709.58,3,4
2026-04-09,HomeDecor,12436.27,13,2450.56,3,4
2026-04-10,Electronics,35024.58,41,1070.93,4,4
2026-04-10,Clothing,31035.9,33,1106.4,4,4
2026-04-10,Groceries,20876.24,17,706.23,4,4
2026-04-10,Footwear,17209.45,18,1693.82,4,4
2026-04-10,HomeDecor,13453.14,13,1274.13,4,4
2026-04-11,Electronics,51862.65,58,934.59,5,4
2026-04-11,Clothing,40260.21,36,1204.21,5,4
2026-04-11,Groceries,26901.27,22,1925.49,5,4
2026-04-11,Footwear,23396.62,21,653.59,5,4
2026-04-11,HomeDecor,15934.52,13,1268.2,5,4
2026-04-12,Electronics,44821.23,41,1670.85,6,4
2026-04-12,Clothing,32318.98,29,2401.9,6,4
2026-04-12,Groceries,28581.25,27,1630.04,6,4
2026-04-12,Footwear,21964.75,24,1531.83,6,4
2026-04-12,HomeDecor,16020.67,18,706.72,6,4
2026-04-13,Electronics,32870.84,29,1015.74,0,4
2026-04-13,Clothing,25288.08,23,1508.18,0,4
2026-04-13,Groceries,18052.47,18,2344.0,0,4
2026-04-13,Footwear,18292.1,20,2132.25,0,4
2026-04-13,HomeDecor,12855.11,13,1962.18,0,4
2026-04-14,Electronics,32674.87,33,713.16,1,4
2026-04-14,Clothing,24711.52,28,1714.56,1,4
2026-04-14,Groceries,19651.67,22,2071.3,1,4
2026-04-14,Footwear,17542.6,16,2235.27,1,4
2026-04-14,HomeDecor,14459.07,17,1309.82,1,4
2026-04-15,Electronics,31077.47,27,1351.63,2,4
2026-04-15,Clothing,25793.32,30,1239.47,2,4
2026-04-15,Groceries,20909.72,21,859.26,2,4
2026-04-15,Footwear,18141.28,20,1991.47,2,4
2026-04-15,HomeDecor,13021.83,12,2104.5,2,4
2026-04-16,Electronics,35373.72,33,1833.44,3,4
2026-04-16,Clothing,24686.41,27,1943.65,3,4
2026-04-16,Groceries,19558.45,17,1917.76,3,4
2026-04-16,Footwear,18829.21,16,2095.28,3,4
2026-04-16,HomeDecor,12777.17,13,1864.51,3,4
2026-04-17,Electronics,45522.05,51,1318.93,4,4
2026-04-17,Clothing,25345.31,21,1908.15,4,4
2026-04-17,Groceries,19744.64,22,937.65,4,4
2026-04-17,Footwear,14426.69,18,2402.7,4,4
2026-04-17,HomeDecor,10451.0,9,1344.04,4,4
2026-04-18,Electronics,43457.42,36,2433.85,5,4
2026-04-18,Clothing,35344.58,43,945.96,5,4
2026-04-18,Groceries,30146.9,31,2349.97,5,4
2026-04-18,Footwear,19321.17,17,1019.7,5,4
2026-04-18,HomeDecor,18753.08,17,797.81,5,4
2026-04-19,Electronics,49143.09,46,867.22,6,4
2026-04-19,Clothing,34930.33,29,747.83,6,4
2026-04-19,Groceries,33312.56,34,2466.52,6,4
2026-04-19,Footwear,25008.25,28,1808.75,6,4
2026-04-19,HomeDecor,16750.29,19,2161.16,6,4
2026-04-20,Electronics,34841.19,30,1814.3,0,4
2026-04-20,Clothing,20012.87,20,1448.6,0,4
2026-04-20,Groceries,19721.8,21,998.4,0,4
2026-04-20,Footwear,16641.08,14,728.81,0,4
2026-04-20,HomeDecor,11491.35,12,2095.34,0,4
2026-04-21,Electronics,37747.94,32,602.43,1,4
2026-04-21,Clothing,25695.97,25,1432.62,1,4
2026-04-21,Groceries,20772.18,20,2441.29,1,4
2026-04-21,Footwear,15895.0,15,1536.86,1,4
2026-04-21,HomeDecor,12965.03,13,1267.34,1,4
